nohup: ignoring input
[[1;34mINFO[m] Scanning for projects...
[[1;34mINFO[m] 
[[1;34mINFO[m] [1m-----------------------< [0;36mcom.uncuyo:greedy_cars[0;1m >-----------------------[m
[[1;34mINFO[m] [1mBuilding greedy_cars 0.0.1-SNAPSHOT[m
[[1;34mINFO[m] [1m--------------------------------[ war ]---------------------------------[m
[[1;34mINFO[m] 
[[1;34mINFO[m] [1m>>> [0;32mspring-boot-maven-plugin:3.5.5:run[m [1m(default-cli)[0;1m > [0;1mtest-compile[m @ [36mgreedy_cars[0;1m >>>[m
[[1;34mINFO[m] 
[[1;34mINFO[m] [1m--- [0;32mmaven-resources-plugin:3.3.1:resources[m [1m(default-resources)[m @ [36mgreedy_cars[0;1m ---[m
[[1;34mINFO[m] Copying 1 resource from src/main/resources to target/classes
[[1;34mINFO[m] Copying 0 resource from src/main/resources to target/classes
[[1;34mINFO[m] 
[[1;34mINFO[m] [1m--- [0;32mmaven-compiler-plugin:3.14.0:compile[m [1m(default-compile)[m @ [36mgreedy_cars[0;1m ---[m
[[1;34mINFO[m] Nothing to compile - all classes are up to date.
[[1;34mINFO[m] 
[[1;34mINFO[m] [1m--- [0;32mmaven-resources-plugin:3.3.1:testResources[m [1m(default-testResources)[m @ [36mgreedy_cars[0;1m ---[m
[[1;34mINFO[m] Copying 1 resource from src/test/resources to target/test-classes
[[1;34mINFO[m] 
[[1;34mINFO[m] [1m--- [0;32mmaven-compiler-plugin:3.14.0:testCompile[m [1m(default-testCompile)[m @ [36mgreedy_cars[0;1m ---[m
[[1;34mINFO[m] Nothing to compile - all classes are up to date.
[[1;34mINFO[m] 
[[1;34mINFO[m] [1m<<< [0;32mspring-boot-maven-plugin:3.5.5:run[m [1m(default-cli)[0;1m < [0;1mtest-compile[m @ [36mgreedy_cars[0;1m <<<[m
[[1;34mINFO[m] 
[[1;34mINFO[m] 
[[1;34mINFO[m] [1m--- [0;32mspring-boot-maven-plugin:3.5.5:run[m [1m(default-cli)[m @ [36mgreedy_cars[0;1m ---[m
[[1;34mINFO[m] Attaching agents: []

  .   ____          _            __ _ _
 /\\ / ___'_ __ _ _(_)_ __  __ _ \ \ \ \
( ( )\___ | '_ | '_| | '_ \/ _` | \ \ \ \
 \\/  ___)| |_)| | | | | || (_| |  ) ) ) )
  '  |____| .__|_| |_|_| |_\__, | / / / /
 =========|_|==============|___/=/_/_/_/

 :: Spring Boot ::                (v3.5.5)

2025-11-04T23:40:44.647Z  INFO 445980 --- [greedy_cars] [  restartedMain] c.u.greedy_cars.GreedyCarsApplication    : Starting GreedyCarsApplication using Java 17.0.15 with PID 445980 (/srv/greedy/ingSoftII/SCRUM/integrador/greedy_cars/target/classes started by juli in /srv/greedy/ingSoftII/SCRUM/integrador/greedy_cars)
2025-11-04T23:40:44.651Z  INFO 445980 --- [greedy_cars] [  restartedMain] c.u.greedy_cars.GreedyCarsApplication    : No active profile set, falling back to 1 default profile: "default"
2025-11-04T23:40:44.712Z  INFO 445980 --- [greedy_cars] [  restartedMain] .e.DevToolsPropertyDefaultsPostProcessor : Devtools property defaults active! Set 'spring.devtools.add-properties' to 'false' to disable
2025-11-04T23:40:44.713Z  INFO 445980 --- [greedy_cars] [  restartedMain] .e.DevToolsPropertyDefaultsPostProcessor : For additional web related logging consider setting the 'logging.level.web' property to 'DEBUG'
2025-11-04T23:40:45.475Z  INFO 445980 --- [greedy_cars] [  restartedMain] .s.d.r.c.RepositoryConfigurationDelegate : Bootstrapping Spring Data JPA repositories in DEFAULT mode.
2025-11-04T23:40:45.593Z  INFO 445980 --- [greedy_cars] [  restartedMain] .s.d.r.c.RepositoryConfigurationDelegate : Finished Spring Data repository scanning in 108 ms. Found 18 JPA repository interfaces.
2025-11-04T23:40:46.197Z  INFO 445980 --- [greedy_cars] [  restartedMain] o.s.b.w.embedded.tomcat.TomcatWebServer  : Tomcat initialized with port 9000 (http)
2025-11-04T23:40:46.210Z  INFO 445980 --- [greedy_cars] [  restartedMain] o.apache.catalina.core.StandardService   : Starting service [Tomcat]
2025-11-04T23:40:46.211Z  INFO 445980 --- [greedy_cars] [  restartedMain] o.apache.catalina.core.StandardEngine    : Starting Servlet engine: [Apache Tomcat/10.1.44]
2025-11-04T23:40:46.247Z  INFO 445980 --- [greedy_cars] [  restartedMain] o.a.c.c.C.[Tomcat].[localhost].[/]       : Initializing Spring embedded WebApplicationContext
2025-11-04T23:40:46.249Z  INFO 445980 --- [greedy_cars] [  restartedMain] w.s.c.ServletWebServerApplicationContext : Root WebApplicationContext: initialization completed in 1534 ms
2025-11-04T23:40:46.370Z  INFO 445980 --- [greedy_cars] [  restartedMain] o.hibernate.jpa.internal.util.LogHelper  : HHH000204: Processing PersistenceUnitInfo [name: default]
2025-11-04T23:40:46.410Z  INFO 445980 --- [greedy_cars] [  restartedMain] org.hibernate.Version                    : HHH000412: Hibernate ORM core version 6.6.26.Final
2025-11-04T23:40:46.438Z  INFO 445980 --- [greedy_cars] [  restartedMain] o.h.c.internal.RegionFactoryInitiator    : HHH000026: Second-level cache disabled
2025-11-04T23:40:46.667Z  INFO 445980 --- [greedy_cars] [  restartedMain] o.s.o.j.p.SpringPersistenceUnitInfo      : No LoadTimeWeaver setup: ignoring JPA class transformer
2025-11-04T23:40:46.692Z  INFO 445980 --- [greedy_cars] [  restartedMain] com.zaxxer.hikari.HikariDataSource       : HikariPool-1 - Starting...
2025-11-04T23:40:46.783Z  INFO 445980 --- [greedy_cars] [  restartedMain] com.zaxxer.hikari.pool.HikariPool        : HikariPool-1 - Added connection org.mariadb.jdbc.Connection@2b382c97
2025-11-04T23:40:46.785Z  INFO 445980 --- [greedy_cars] [  restartedMain] com.zaxxer.hikari.HikariDataSource       : HikariPool-1 - Start completed.
2025-11-04T23:40:46.811Z  WARN 445980 --- [greedy_cars] [  restartedMain] org.hibernate.dialect.Dialect            : HHH000511: The 10.3.39 version for [org.hibernate.dialect.MariaDBDialect] is no longer supported, hence certain features may not work properly. The minimum supported version is 10.4.0. Check the community dialects project for available legacy versions.
2025-11-04T23:40:46.819Z  WARN 445980 --- [greedy_cars] [  restartedMain] org.hibernate.orm.deprecation            : HHH90000025: MariaDBDialect does not need to be specified explicitly using 'hibernate.dialect' (remove the property setting and it will be selected by default)
2025-11-04T23:40:46.872Z  INFO 445980 --- [greedy_cars] [  restartedMain] org.hibernate.orm.connections.pooling    : HHH10001005: Database info:
	Database JDBC URL [Connecting through datasource 'HikariDataSource (HikariPool-1)']
	Database driver: undefined/unknown
	Database version: 10.3.39
	Autocommit mode: undefined/unknown
	Isolation level: undefined/unknown
	Minimum pool size: undefined/unknown
	Maximum pool size: undefined/unknown
2025-11-04T23:40:48.046Z  INFO 445980 --- [greedy_cars] [  restartedMain] o.h.e.t.j.p.i.JtaPlatformInitiator       : HHH000489: No JTA platform available (set 'hibernate.transaction.jta.platform' to enable JTA platform integration)
Hibernate: alter table contacto modify column tipo_contacto enum ('EMPRESA','LABORAL','PERSONAL') not null
Hibernate: alter table contacto_telefonico modify column tipo_telefono enum ('CELULAR','FIJO') not null
Hibernate: alter table documentacion modify column tipo_documentacion enum ('CARNET_DE_CONDUCIR','DOCUMENTO_IDENTIDAD') not null
Hibernate: alter table empleados modify column tipo_empleado enum ('ADMINISTRATIVO','JEFE')
Hibernate: alter table imagen modify column tipo_imagen enum ('PERSONA','VEHICULO') not null
Hibernate: alter table persona modify column tipo_documento enum ('CEDULA','DNI','LICENCIA','OTRO','PASAPORTE') not null
Hibernate: alter table usuario modify column rol enum ('ADMINISTRATIVO','CLIENTE','JEFE') not null
Hibernate: alter table vehiculo modify column estado_vehiculo enum ('ALQUILADO','DISPONIBLE') not null
2025-11-04T23:40:48.134Z  INFO 445980 --- [greedy_cars] [  restartedMain] j.LocalContainerEntityManagerFactoryBean : Initialized JPA EntityManagerFactory for persistence unit 'default'
2025-11-04T23:40:48.493Z  INFO 445980 --- [greedy_cars] [  restartedMain] o.s.d.j.r.query.QueryEnhancerFactory     : Hibernate is in classpath; If applicable, HQL parser will be used.
2025-11-04T23:40:49.381Z  INFO 445980 --- [greedy_cars] [  restartedMain] eAuthenticationProviderManagerConfigurer : Global AuthenticationManager configured with AuthenticationProvider bean with name authenticationProvider
2025-11-04T23:40:49.381Z  WARN 445980 --- [greedy_cars] [  restartedMain] r$InitializeUserDetailsManagerConfigurer : Global AuthenticationManager configured with an AuthenticationProvider bean. UserDetailsService beans will not be used by Spring Security for automatically configuring username/password login. Consider removing the AuthenticationProvider bean. Alternatively, consider using the UserDetailsService in a manually instantiated DaoAuthenticationProvider. If the current configuration is intentional, to turn off this warning, increase the logging level of 'org.springframework.security.config.annotation.authentication.configuration.InitializeUserDetailsBeanManagerConfigurer' to ERROR
2025-11-04T23:40:49.742Z  WARN 445980 --- [greedy_cars] [  restartedMain] JpaBaseConfiguration$JpaWebConfiguration : spring.jpa.open-in-view is enabled by default. Therefore, database queries may be performed during view rendering. Explicitly configure spring.jpa.open-in-view to disable this warning
2025-11-04T23:40:50.063Z DEBUG 445980 --- [greedy_cars] [  restartedMain] o.s.s.web.DefaultSecurityFilterChain     : Will secure any request with filters: DisableEncodeUrlFilter, WebAsyncManagerIntegrationFilter, SecurityContextHolderFilter, HeaderWriterFilter, CorsFilter, LogoutFilter, JwtAuthenticationFilter, RequestCacheAwareFilter, SecurityContextHolderAwareRequestFilter, AnonymousAuthenticationFilter, SessionManagementFilter, ExceptionTranslationFilter, AuthorizationFilter
2025-11-04T23:40:50.206Z  INFO 445980 --- [greedy_cars] [  restartedMain] o.s.b.a.h2.H2ConsoleAutoConfiguration    : H2 console available at '/h2-console'. Database available at 'jdbc:mariadb://localhost:3307/greedy_cars_db?user=greedy_cars&password=***&useUnicode=true&serverTimezone=America/Argentina/Mendoza&characterEncoding=utf8'
2025-11-04T23:40:50.707Z  INFO 445980 --- [greedy_cars] [  restartedMain] o.s.b.d.a.OptionalLiveReloadServer       : LiveReload server is running on port 35729
2025-11-04T23:40:50.737Z  INFO 445980 --- [greedy_cars] [  restartedMain] o.s.b.w.embedded.tomcat.TomcatWebServer  : Tomcat started on port 9000 (http) with context path '/'
2025-11-04T23:40:50.747Z  INFO 445980 --- [greedy_cars] [  restartedMain] c.u.greedy_cars.GreedyCarsApplication    : Started GreedyCarsApplication in 6.533 seconds (process running for 6.868)
Hibernate: select u1_0.id from usuario u1_0 where u1_0.nombre_usuario=? and not(u1_0.eliminado) limit ?
ℹ️  Usuario administrador ya existe en la base de datos
2025-11-04T23:41:45.156Z  INFO 445980 --- [greedy_cars] [nio-9000-exec-1] o.a.c.c.C.[Tomcat].[localhost].[/]       : Initializing Spring DispatcherServlet 'dispatcherServlet'
2025-11-04T23:41:45.157Z  INFO 445980 --- [greedy_cars] [nio-9000-exec-1] o.s.web.servlet.DispatcherServlet        : Initializing Servlet 'dispatcherServlet'
2025-11-04T23:41:45.159Z  INFO 445980 --- [greedy_cars] [nio-9000-exec-1] o.s.web.servlet.DispatcherServlet        : Completed initialization in 2 ms
2025-11-04T23:41:45.175Z DEBUG 445980 --- [greedy_cars] [nio-9000-exec-1] o.s.security.web.FilterChainProxy        : Securing GET /api/alquileres
2025-11-04T23:41:45.182Z DEBUG 445980 --- [greedy_cars] [nio-9000-exec-1] o.s.s.w.a.AnonymousAuthenticationFilter  : Set SecurityContextHolder to anonymous SecurityContext
2025-11-04T23:41:45.185Z DEBUG 445980 --- [greedy_cars] [nio-9000-exec-1] o.s.security.web.FilterChainProxy        : Secured GET /api/alquileres
Hibernate: select a1_0.id,a1_0.cliente_id,a1_0.eliminado,a1_0.fecha_desde,a1_0.fecha_hasta,a1_0.vehiculo_id from alquiler a1_0 where not(a1_0.eliminado)
2025-11-04T23:42:06.059Z DEBUG 445980 --- [greedy_cars] [nio-9000-exec-2] o.s.security.web.FilterChainProxy        : Securing POST /api/clientes/dto
2025-11-04T23:42:06.060Z DEBUG 445980 --- [greedy_cars] [nio-9000-exec-2] o.s.s.w.a.AnonymousAuthenticationFilter  : Set SecurityContextHolder to anonymous SecurityContext
2025-11-04T23:42:06.060Z DEBUG 445980 --- [greedy_cars] [nio-9000-exec-2] o.s.security.web.FilterChainProxy        : Secured POST /api/clientes/dto
Hibernate: select c1_0.id,c1_1.apellido,c1_1.eliminado,c1_1.fecha_nacimiento,c1_1.nombre,c1_1.numero_documento,c1_1.tipo_documento,c1_0.direccion_estadia,c1_0.nacionalidad_id from clientes c1_0 join persona c1_1 on c1_0.id=c1_1.id where c1_1.nombre=? and c1_1.apellido=?
2025-11-04T23:42:06.227Z DEBUG 445980 --- [greedy_cars] [nio-9000-exec-3] o.s.security.web.FilterChainProxy        : Securing POST /api/vehiculos
2025-11-04T23:42:06.227Z DEBUG 445980 --- [greedy_cars] [nio-9000-exec-3] o.s.s.w.a.AnonymousAuthenticationFilter  : Set SecurityContextHolder to anonymous SecurityContext
2025-11-04T23:42:06.230Z DEBUG 445980 --- [greedy_cars] [nio-9000-exec-3] o.s.security.web.FilterChainProxy        : Secured POST /api/vehiculos
Hibernate: insert into vehiculo (eliminado,estado_vehiculo,patente,id) values (?,?,?,?)
2025-11-04T23:42:06.280Z DEBUG 445980 --- [greedy_cars] [nio-9000-exec-4] o.s.security.web.FilterChainProxy        : Securing POST /api/alquileres
2025-11-04T23:42:06.280Z DEBUG 445980 --- [greedy_cars] [nio-9000-exec-4] o.s.s.w.a.AnonymousAuthenticationFilter  : Set SecurityContextHolder to anonymous SecurityContext
2025-11-04T23:42:06.281Z DEBUG 445980 --- [greedy_cars] [nio-9000-exec-4] o.s.security.web.FilterChainProxy        : Secured POST /api/alquileres
Hibernate: select c1_0.id,c1_1.apellido,c1_1.eliminado,c1_1.fecha_nacimiento,c1_1.nombre,c1_1.numero_documento,c1_1.tipo_documento,c1_0.direccion_estadia,c1_0.nacionalidad_id from clientes c1_0 join persona c1_1 on c1_0.id=c1_1.id where c1_0.id=? and not(c1_1.eliminado)
2025-11-04T23:42:06.309Z DEBUG 445980 --- [greedy_cars] [nio-9000-exec-5] o.s.security.web.FilterChainProxy        : Securing GET /api/alquileres
2025-11-04T23:42:06.309Z DEBUG 445980 --- [greedy_cars] [nio-9000-exec-5] o.s.s.w.a.AnonymousAuthenticationFilter  : Set SecurityContextHolder to anonymous SecurityContext
2025-11-04T23:42:06.309Z DEBUG 445980 --- [greedy_cars] [nio-9000-exec-5] o.s.security.web.FilterChainProxy        : Secured GET /api/alquileres
Hibernate: select a1_0.id,a1_0.cliente_id,a1_0.eliminado,a1_0.fecha_desde,a1_0.fecha_hasta,a1_0.vehiculo_id from alquiler a1_0 where not(a1_0.eliminado)
2025-11-04T23:42:06.330Z DEBUG 445980 --- [greedy_cars] [nio-9000-exec-7] o.s.security.web.FilterChainProxy        : Securing GET /api/alquileres/
2025-11-04T23:42:06.330Z DEBUG 445980 --- [greedy_cars] [nio-9000-exec-7] o.s.s.w.a.AnonymousAuthenticationFilter  : Set SecurityContextHolder to anonymous SecurityContext
2025-11-04T23:42:06.331Z DEBUG 445980 --- [greedy_cars] [nio-9000-exec-7] o.s.security.web.FilterChainProxy        : Secured GET /api/alquileres/
2025-11-04T23:42:06.341Z DEBUG 445980 --- [greedy_cars] [nio-9000-exec-7] o.s.security.web.FilterChainProxy        : Securing GET /error
2025-11-04T23:42:06.342Z DEBUG 445980 --- [greedy_cars] [nio-9000-exec-7] o.s.security.web.FilterChainProxy        : Secured GET /error
2025-11-04T23:42:06.351Z DEBUG 445980 --- [greedy_cars] [nio-9000-exec-7] o.s.s.w.a.AnonymousAuthenticationFilter  : Set SecurityContextHolder to anonymous SecurityContext
2025-11-04T23:42:06.362Z DEBUG 445980 --- [greedy_cars] [nio-9000-exec-9] o.s.security.web.FilterChainProxy        : Securing PUT /api/alquileres/
2025-11-04T23:42:06.362Z DEBUG 445980 --- [greedy_cars] [nio-9000-exec-9] o.s.s.w.a.AnonymousAuthenticationFilter  : Set SecurityContextHolder to anonymous SecurityContext
2025-11-04T23:42:06.362Z DEBUG 445980 --- [greedy_cars] [nio-9000-exec-9] o.s.security.web.FilterChainProxy        : Secured PUT /api/alquileres/
2025-11-04T23:42:06.365Z DEBUG 445980 --- [greedy_cars] [nio-9000-exec-9] o.s.security.web.FilterChainProxy        : Securing PUT /error
2025-11-04T23:42:06.365Z DEBUG 445980 --- [greedy_cars] [nio-9000-exec-9] o.s.security.web.FilterChainProxy        : Secured PUT /error
2025-11-04T23:42:06.368Z DEBUG 445980 --- [greedy_cars] [nio-9000-exec-9] o.s.s.w.a.AnonymousAuthenticationFilter  : Set SecurityContextHolder to anonymous SecurityContext
2025-11-04T23:42:06.379Z DEBUG 445980 --- [greedy_cars] [nio-9000-exec-1] o.s.security.web.FilterChainProxy        : Securing DELETE /api/alquileres/
2025-11-04T23:42:06.380Z DEBUG 445980 --- [greedy_cars] [nio-9000-exec-1] o.s.s.w.a.AnonymousAuthenticationFilter  : Set SecurityContextHolder to anonymous SecurityContext
2025-11-04T23:42:06.380Z DEBUG 445980 --- [greedy_cars] [nio-9000-exec-1] o.s.security.web.FilterChainProxy        : Secured DELETE /api/alquileres/
2025-11-04T23:42:06.382Z DEBUG 445980 --- [greedy_cars] [nio-9000-exec-1] o.s.security.web.FilterChainProxy        : Securing DELETE /error
2025-11-04T23:42:06.382Z DEBUG 445980 --- [greedy_cars] [nio-9000-exec-1] o.s.security.web.FilterChainProxy        : Secured DELETE /error
2025-11-04T23:42:06.385Z DEBUG 445980 --- [greedy_cars] [nio-9000-exec-1] o.s.s.w.a.AnonymousAuthenticationFilter  : Set SecurityContextHolder to anonymous SecurityContext
2025-11-04T23:42:06.396Z DEBUG 445980 --- [greedy_cars] [nio-9000-exec-3] o.s.security.web.FilterChainProxy        : Securing GET /api/alquileres
2025-11-04T23:42:06.396Z DEBUG 445980 --- [greedy_cars] [nio-9000-exec-3] o.s.s.w.a.AnonymousAuthenticationFilter  : Set SecurityContextHolder to anonymous SecurityContext
2025-11-04T23:42:06.396Z DEBUG 445980 --- [greedy_cars] [nio-9000-exec-3] o.s.security.web.FilterChainProxy        : Secured GET /api/alquileres
Hibernate: select a1_0.id,a1_0.cliente_id,a1_0.eliminado,a1_0.fecha_desde,a1_0.fecha_hasta,a1_0.vehiculo_id from alquiler a1_0 where not(a1_0.eliminado)
2025-11-04T23:42:24.380Z  INFO 445980 --- [greedy_cars] [   File Watcher] rtingClassPathChangeChangedEventListener : Restarting due to 15 class path changes (0 additions, 0 deletions, 15 modifications)
2025-11-04T23:42:24.394Z  INFO 445980 --- [greedy_cars] [       Thread-5] o.s.b.w.e.tomcat.GracefulShutdown        : Commencing graceful shutdown. Waiting for active requests to complete
2025-11-04T23:42:24.398Z  INFO 445980 --- [greedy_cars] [tomcat-shutdown] o.s.b.w.e.tomcat.GracefulShutdown        : Graceful shutdown complete
2025-11-04T23:42:24.407Z  INFO 445980 --- [greedy_cars] [       Thread-5] j.LocalContainerEntityManagerFactoryBean : Closing JPA EntityManagerFactory for persistence unit 'default'
2025-11-04T23:42:24.412Z  INFO 445980 --- [greedy_cars] [       Thread-5] com.zaxxer.hikari.HikariDataSource       : HikariPool-1 - Shutdown initiated...
2025-11-04T23:42:24.416Z  INFO 445980 --- [greedy_cars] [       Thread-5] com.zaxxer.hikari.HikariDataSource       : HikariPool-1 - Shutdown completed.

  .   ____          _            __ _ _
 /\\ / ___'_ __ _ _(_)_ __  __ _ \ \ \ \
( ( )\___ | '_ | '_| | '_ \/ _` | \ \ \ \
 \\/  ___)| |_)| | | | | || (_| |  ) ) ) )
  '  |____| .__|_| |_|_| |_\__, | / / / /
 =========|_|==============|___/=/_/_/_/

 :: Spring Boot ::                (v3.5.5)

2025-11-04T23:42:24.579Z  INFO 445980 --- [greedy_cars] [  restartedMain] c.u.greedy_cars.GreedyCarsApplication    : Starting GreedyCarsApplication using Java 17.0.15 with PID 445980 (/srv/greedy/ingSoftII/SCRUM/integrador/greedy_cars/target/classes started by juli in /srv/greedy/ingSoftII/SCRUM/integrador/greedy_cars)
2025-11-04T23:42:24.580Z  INFO 445980 --- [greedy_cars] [  restartedMain] c.u.greedy_cars.GreedyCarsApplication    : No active profile set, falling back to 1 default profile: "default"
2025-11-04T23:42:24.781Z  INFO 445980 --- [greedy_cars] [  restartedMain] .s.d.r.c.RepositoryConfigurationDelegate : Bootstrapping Spring Data JPA repositories in DEFAULT mode.
2025-11-04T23:42:24.788Z  INFO 445980 --- [greedy_cars] [  restartedMain] .s.d.r.c.RepositoryConfigurationDelegate : Finished Spring Data repository scanning in 4 ms. Found 0 JPA repository interfaces.
2025-11-04T23:42:24.949Z  INFO 445980 --- [greedy_cars] [  restartedMain] o.s.b.w.embedded.tomcat.TomcatWebServer  : Tomcat initialized with port 8080 (http)
2025-11-04T23:42:24.951Z  INFO 445980 --- [greedy_cars] [  restartedMain] o.apache.catalina.core.StandardService   : Starting service [Tomcat]
2025-11-04T23:42:24.952Z  INFO 445980 --- [greedy_cars] [  restartedMain] o.apache.catalina.core.StandardEngine    : Starting Servlet engine: [Apache Tomcat/10.1.44]
2025-11-04T23:42:24.989Z  INFO 445980 --- [greedy_cars] [  restartedMain] o.a.c.c.C.[Tomcat].[localhost].[/]       : Initializing Spring embedded WebApplicationContext
2025-11-04T23:42:24.994Z  INFO 445980 --- [greedy_cars] [  restartedMain] w.s.c.ServletWebServerApplicationContext : Root WebApplicationContext: initialization completed in 411 ms
2025-11-04T23:42:25.134Z  INFO 445980 --- [greedy_cars] [  restartedMain] com.zaxxer.hikari.HikariDataSource       : HikariPool-2 - Starting...
2025-11-04T23:42:25.315Z  INFO 445980 --- [greedy_cars] [  restartedMain] com.zaxxer.hikari.pool.HikariPool        : HikariPool-2 - Added connection conn0: url=jdbc:h2:mem:ec4f45aa-40f7-4998-913a-23081476d741 user=SA
2025-11-04T23:42:25.315Z  INFO 445980 --- [greedy_cars] [  restartedMain] com.zaxxer.hikari.HikariDataSource       : HikariPool-2 - Start completed.
2025-11-04T23:42:25.320Z  INFO 445980 --- [greedy_cars] [  restartedMain] o.hibernate.jpa.internal.util.LogHelper  : HHH000204: Processing PersistenceUnitInfo [name: default]
2025-11-04T23:42:25.323Z  INFO 445980 --- [greedy_cars] [  restartedMain] o.h.c.internal.RegionFactoryInitiator    : HHH000026: Second-level cache disabled
2025-11-04T23:42:25.335Z  INFO 445980 --- [greedy_cars] [  restartedMain] o.s.o.j.p.SpringPersistenceUnitInfo      : No LoadTimeWeaver setup: ignoring JPA class transformer
2025-11-04T23:42:25.362Z  INFO 445980 --- [greedy_cars] [  restartedMain] org.hibernate.orm.connections.pooling    : HHH10001005: Database info:
	Database JDBC URL [Connecting through datasource 'HikariDataSource (HikariPool-2)']
	Database driver: undefined/unknown
	Database version: 2.3.232
	Autocommit mode: undefined/unknown
	Isolation level: undefined/unknown
	Minimum pool size: undefined/unknown
	Maximum pool size: undefined/unknown
2025-11-04T23:42:25.751Z  INFO 445980 --- [greedy_cars] [  restartedMain] o.h.e.t.j.p.i.JtaPlatformInitiator       : HHH000489: No JTA platform available (set 'hibernate.transaction.jta.platform' to enable JTA platform integration)
2025-11-04T23:42:25.861Z  INFO 445980 --- [greedy_cars] [  restartedMain] j.LocalContainerEntityManagerFactoryBean : Initialized JPA EntityManagerFactory for persistence unit 'default'
2025-11-04T23:42:25.889Z  WARN 445980 --- [greedy_cars] [  restartedMain] JpaBaseConfiguration$JpaWebConfiguration : spring.jpa.open-in-view is enabled by default. Therefore, database queries may be performed during view rendering. Explicitly configure spring.jpa.open-in-view to disable this warning
2025-11-04T23:42:25.985Z  INFO 445980 --- [greedy_cars] [  restartedMain] o.s.b.a.h2.H2ConsoleAutoConfiguration    : H2 console available at '/h2-console'. Database available at 'jdbc:h2:mem:ec4f45aa-40f7-4998-913a-23081476d741'
2025-11-04T23:42:26.687Z  INFO 445980 --- [greedy_cars] [  restartedMain] o.s.b.d.a.OptionalLiveReloadServer       : LiveReload server is running on port 35729
2025-11-04T23:42:26.696Z  INFO 445980 --- [greedy_cars] [  restartedMain] o.s.b.w.embedded.tomcat.TomcatWebServer  : Tomcat started on port 8080 (http) with context path '/'
2025-11-04T23:42:26.702Z  INFO 445980 --- [greedy_cars] [  restartedMain] c.u.greedy_cars.GreedyCarsApplication    : Started GreedyCarsApplication in 2.157 seconds (process running for 102.822)
2025-11-04T23:42:28.093Z  INFO 445980 --- [greedy_cars] [   File Watcher] rtingClassPathChangeChangedEventListener : Restarting due to 139 class path changes (0 additions, 0 deletions, 139 modifications)
2025-11-04T23:42:28.094Z  INFO 445980 --- [greedy_cars] [       Thread-7] o.s.b.w.e.tomcat.GracefulShutdown        : Commencing graceful shutdown. Waiting for active requests to complete
2025-11-04T23:42:28.095Z  INFO 445980 --- [greedy_cars] [tomcat-shutdown] o.s.b.w.e.tomcat.GracefulShutdown        : Graceful shutdown complete
2025-11-04T23:42:28.097Z  INFO 445980 --- [greedy_cars] [       Thread-7] j.LocalContainerEntityManagerFactoryBean : Closing JPA EntityManagerFactory for persistence unit 'default'
2025-11-04T23:42:28.112Z  WARN 445980 --- [greedy_cars] [       Thread-7] o.s.b.f.support.DisposableBeanAdapter    : Invocation of destroy method failed on bean with name 'inMemoryDatabaseShutdownExecutor': org.h2.jdbc.JdbcSQLNonTransientConnectionException: Database is already closed (to disable automatic closing at VM shutdown, add ";DB_CLOSE_ON_EXIT=FALSE" to the db URL) [90121-232]
2025-11-04T23:42:28.113Z  INFO 445980 --- [greedy_cars] [       Thread-7] com.zaxxer.hikari.HikariDataSource       : HikariPool-2 - Shutdown initiated...
2025-11-04T23:42:28.114Z  INFO 445980 --- [greedy_cars] [       Thread-7] com.zaxxer.hikari.HikariDataSource       : HikariPool-2 - Shutdown completed.

  .   ____          _            __ _ _
 /\\ / ___'_ __ _ _(_)_ __  __ _ \ \ \ \
( ( )\___ | '_ | '_| | '_ \/ _` | \ \ \ \
 \\/  ___)| |_)| | | | | || (_| |  ) ) ) )
  '  |____| .__|_| |_|_| |_\__, | / / / /
 =========|_|==============|___/=/_/_/_/

 :: Spring Boot ::                (v3.5.5)

2025-11-04T23:42:28.219Z  INFO 445980 --- [greedy_cars] [  restartedMain] c.u.greedy_cars.GreedyCarsApplication    : Starting GreedyCarsApplication using Java 17.0.15 with PID 445980 (/srv/greedy/ingSoftII/SCRUM/integrador/greedy_cars/target/classes started by juli in /srv/greedy/ingSoftII/SCRUM/integrador/greedy_cars)
2025-11-04T23:42:28.219Z  INFO 445980 --- [greedy_cars] [  restartedMain] c.u.greedy_cars.GreedyCarsApplication    : No active profile set, falling back to 1 default profile: "default"
2025-11-04T23:42:28.406Z  INFO 445980 --- [greedy_cars] [  restartedMain] .s.d.r.c.RepositoryConfigurationDelegate : Bootstrapping Spring Data JPA repositories in DEFAULT mode.
2025-11-04T23:42:28.447Z  INFO 445980 --- [greedy_cars] [  restartedMain] .s.d.r.c.RepositoryConfigurationDelegate : Finished Spring Data repository scanning in 40 ms. Found 18 JPA repository interfaces.
2025-11-04T23:42:28.617Z  INFO 445980 --- [greedy_cars] [  restartedMain] o.s.b.w.embedded.tomcat.TomcatWebServer  : Tomcat initialized with port 9000 (http)
2025-11-04T23:42:28.619Z  INFO 445980 --- [greedy_cars] [  restartedMain] o.apache.catalina.core.StandardService   : Starting service [Tomcat]
2025-11-04T23:42:28.621Z  INFO 445980 --- [greedy_cars] [  restartedMain] o.apache.catalina.core.StandardEngine    : Starting Servlet engine: [Apache Tomcat/10.1.44]
2025-11-04T23:42:28.632Z  INFO 445980 --- [greedy_cars] [  restartedMain] o.a.c.c.C.[Tomcat].[localhost].[/]       : Initializing Spring embedded WebApplicationContext
2025-11-04T23:42:28.633Z  INFO 445980 --- [greedy_cars] [  restartedMain] w.s.c.ServletWebServerApplicationContext : Root WebApplicationContext: initialization completed in 412 ms
2025-11-04T23:42:28.674Z  INFO 445980 --- [greedy_cars] [  restartedMain] o.hibernate.jpa.internal.util.LogHelper  : HHH000204: Processing PersistenceUnitInfo [name: default]
2025-11-04T23:42:28.677Z  INFO 445980 --- [greedy_cars] [  restartedMain] o.h.c.internal.RegionFactoryInitiator    : HHH000026: Second-level cache disabled
2025-11-04T23:42:28.689Z  INFO 445980 --- [greedy_cars] [  restartedMain] o.s.o.j.p.SpringPersistenceUnitInfo      : No LoadTimeWeaver setup: ignoring JPA class transformer
2025-11-04T23:42:28.691Z  INFO 445980 --- [greedy_cars] [  restartedMain] com.zaxxer.hikari.HikariDataSource       : HikariPool-3 - Starting...
2025-11-04T23:42:28.706Z  INFO 445980 --- [greedy_cars] [  restartedMain] com.zaxxer.hikari.pool.HikariPool        : HikariPool-3 - Added connection org.mariadb.jdbc.Connection@3788a4ff
2025-11-04T23:42:28.707Z  INFO 445980 --- [greedy_cars] [  restartedMain] com.zaxxer.hikari.HikariDataSource       : HikariPool-3 - Start completed.
2025-11-04T23:42:28.710Z  WARN 445980 --- [greedy_cars] [  restartedMain] org.hibernate.dialect.Dialect            : HHH000511: The 10.3.39 version for [org.hibernate.dialect.MariaDBDialect] is no longer supported, hence certain features may not work properly. The minimum supported version is 10.4.0. Check the community dialects project for available legacy versions.
2025-11-04T23:42:28.710Z  WARN 445980 --- [greedy_cars] [  restartedMain] org.hibernate.orm.deprecation            : HHH90000025: MariaDBDialect does not need to be specified explicitly using 'hibernate.dialect' (remove the property setting and it will be selected by default)
2025-11-04T23:42:28.711Z  INFO 445980 --- [greedy_cars] [  restartedMain] org.hibernate.orm.connections.pooling    : HHH10001005: Database info:
	Database JDBC URL [Connecting through datasource 'HikariDataSource (HikariPool-3)']
	Database driver: undefined/unknown
	Database version: 10.3.39
	Autocommit mode: undefined/unknown
	Isolation level: undefined/unknown
	Minimum pool size: undefined/unknown
	Maximum pool size: undefined/unknown
2025-11-04T23:42:28.999Z  INFO 445980 --- [greedy_cars] [  restartedMain] o.h.e.t.j.p.i.JtaPlatformInitiator       : HHH000489: No JTA platform available (set 'hibernate.transaction.jta.platform' to enable JTA platform integration)
Hibernate: alter table contacto modify column tipo_contacto enum ('EMPRESA','LABORAL','PERSONAL') not null
Hibernate: alter table contacto_telefonico modify column tipo_telefono enum ('CELULAR','FIJO') not null
Hibernate: alter table documentacion modify column tipo_documentacion enum ('CARNET_DE_CONDUCIR','DOCUMENTO_IDENTIDAD') not null
Hibernate: alter table empleados modify column tipo_empleado enum ('ADMINISTRATIVO','JEFE')
Hibernate: alter table imagen modify column tipo_imagen enum ('PERSONA','VEHICULO') not null
Hibernate: alter table persona modify column tipo_documento enum ('CEDULA','DNI','LICENCIA','OTRO','PASAPORTE') not null
Hibernate: alter table usuario modify column rol enum ('ADMINISTRATIVO','CLIENTE','JEFE') not null
Hibernate: alter table vehiculo modify column estado_vehiculo enum ('ALQUILADO','DISPONIBLE') not null
2025-11-04T23:42:29.037Z  INFO 445980 --- [greedy_cars] [  restartedMain] j.LocalContainerEntityManagerFactoryBean : Initialized JPA EntityManagerFactory for persistence unit 'default'
2025-11-04T23:42:29.194Z  INFO 445980 --- [greedy_cars] [  restartedMain] eAuthenticationProviderManagerConfigurer : Global AuthenticationManager configured with AuthenticationProvider bean with name authenticationProvider
2025-11-04T23:42:29.195Z  WARN 445980 --- [greedy_cars] [  restartedMain] r$InitializeUserDetailsManagerConfigurer : Global AuthenticationManager configured with an AuthenticationProvider bean. UserDetailsService beans will not be used by Spring Security for automatically configuring username/password login. Consider removing the AuthenticationProvider bean. Alternatively, consider using the UserDetailsService in a manually instantiated DaoAuthenticationProvider. If the current configuration is intentional, to turn off this warning, increase the logging level of 'org.springframework.security.config.annotation.authentication.configuration.InitializeUserDetailsBeanManagerConfigurer' to ERROR
2025-11-04T23:42:29.464Z  WARN 445980 --- [greedy_cars] [  restartedMain] JpaBaseConfiguration$JpaWebConfiguration : spring.jpa.open-in-view is enabled by default. Therefore, database queries may be performed during view rendering. Explicitly configure spring.jpa.open-in-view to disable this warning
2025-11-04T23:42:29.571Z DEBUG 445980 --- [greedy_cars] [  restartedMain] o.s.s.web.DefaultSecurityFilterChain     : Will secure any request with filters: DisableEncodeUrlFilter, WebAsyncManagerIntegrationFilter, SecurityContextHolderFilter, HeaderWriterFilter, CorsFilter, LogoutFilter, JwtAuthenticationFilter, RequestCacheAwareFilter, SecurityContextHolderAwareRequestFilter, AnonymousAuthenticationFilter, SessionManagementFilter, ExceptionTranslationFilter, AuthorizationFilter
2025-11-04T23:42:29.620Z  INFO 445980 --- [greedy_cars] [  restartedMain] o.s.b.a.h2.H2ConsoleAutoConfiguration    : H2 console available at '/h2-console'. Database available at 'jdbc:mariadb://localhost:3307/greedy_cars_db?user=greedy_cars&password=***&useUnicode=true&serverTimezone=America/Argentina/Mendoza&characterEncoding=utf8'
2025-11-04T23:42:31.033Z  INFO 445980 --- [greedy_cars] [  restartedMain] o.s.b.d.a.OptionalLiveReloadServer       : LiveReload server is running on port 35729
2025-11-04T23:42:31.055Z  INFO 445980 --- [greedy_cars] [  restartedMain] o.s.b.w.embedded.tomcat.TomcatWebServer  : Tomcat started on port 9000 (http) with context path '/'
2025-11-04T23:42:31.061Z  INFO 445980 --- [greedy_cars] [  restartedMain] c.u.greedy_cars.GreedyCarsApplication    : Started GreedyCarsApplication in 2.865 seconds (process running for 107.181)
Hibernate: select u1_0.id from usuario u1_0 where u1_0.nombre_usuario=? and not(u1_0.eliminado) limit ?
ℹ️  Usuario administrador ya existe en la base de datos
2025-11-04T23:42:31.090Z  INFO 445980 --- [greedy_cars] [  restartedMain] .ConditionEvaluationDeltaLoggingListener : Condition evaluation unchanged
2025-11-04T23:42:41.836Z  INFO 445980 --- [greedy_cars] [nio-9000-exec-1] o.a.c.c.C.[Tomcat].[localhost].[/]       : Initializing Spring DispatcherServlet 'dispatcherServlet'
2025-11-04T23:42:41.836Z  INFO 445980 --- [greedy_cars] [nio-9000-exec-1] o.s.web.servlet.DispatcherServlet        : Initializing Servlet 'dispatcherServlet'
2025-11-04T23:42:41.837Z  INFO 445980 --- [greedy_cars] [nio-9000-exec-1] o.s.web.servlet.DispatcherServlet        : Completed initialization in 1 ms
2025-11-04T23:42:41.838Z DEBUG 445980 --- [greedy_cars] [nio-9000-exec-1] o.s.security.web.FilterChainProxy        : Securing POST /api/clientes/dto
2025-11-04T23:42:41.838Z DEBUG 445980 --- [greedy_cars] [nio-9000-exec-1] o.s.s.w.a.AnonymousAuthenticationFilter  : Set SecurityContextHolder to anonymous SecurityContext
2025-11-04T23:42:41.839Z DEBUG 445980 --- [greedy_cars] [nio-9000-exec-1] o.s.security.web.FilterChainProxy        : Secured POST /api/clientes/dto
Hibernate: select c1_0.id,c1_1.apellido,c1_1.eliminado,c1_1.fecha_nacimiento,c1_1.nombre,c1_1.numero_documento,c1_1.tipo_documento,c1_0.direccion_estadia,c1_0.nacionalidad_id from clientes c1_0 join persona c1_1 on c1_0.id=c1_1.id where c1_1.nombre=? and c1_1.apellido=?
2025-11-04T23:42:49.750Z DEBUG 445980 --- [greedy_cars] [nio-9000-exec-2] o.s.security.web.FilterChainProxy        : Securing POST /api/vehiculos
2025-11-04T23:42:49.750Z DEBUG 445980 --- [greedy_cars] [nio-9000-exec-2] o.s.s.w.a.AnonymousAuthenticationFilter  : Set SecurityContextHolder to anonymous SecurityContext
2025-11-04T23:42:49.750Z DEBUG 445980 --- [greedy_cars] [nio-9000-exec-2] o.s.security.web.FilterChainProxy        : Secured POST /api/vehiculos
Hibernate: insert into vehiculo (eliminado,estado_vehiculo,patente,id) values (?,?,?,?)
2025-11-04T23:43:03.469Z DEBUG 445980 --- [greedy_cars] [nio-9000-exec-4] o.s.security.web.FilterChainProxy        : Securing GET /api/paises
2025-11-04T23:43:03.470Z DEBUG 445980 --- [greedy_cars] [nio-9000-exec-4] o.s.s.w.a.AnonymousAuthenticationFilter  : Set SecurityContextHolder to anonymous SecurityContext
2025-11-04T23:43:03.470Z DEBUG 445980 --- [greedy_cars] [nio-9000-exec-4] o.s.security.web.FilterChainProxy        : Secured GET /api/paises
Hibernate: select p1_0.id,p1_0.eliminado,p1_0.nombre from pais p1_0 where not(p1_0.eliminado)
2025-11-04T23:43:14.575Z DEBUG 445980 --- [greedy_cars] [nio-9000-exec-5] o.s.security.web.FilterChainProxy        : Securing GET /api/nacionalidades
2025-11-04T23:43:14.576Z DEBUG 445980 --- [greedy_cars] [nio-9000-exec-5] o.s.s.w.a.AnonymousAuthenticationFilter  : Set SecurityContextHolder to anonymous SecurityContext
2025-11-04T23:43:14.576Z DEBUG 445980 --- [greedy_cars] [nio-9000-exec-5] o.s.security.web.FilterChainProxy        : Secured GET /api/nacionalidades
Hibernate: select n1_0.id,n1_0.eliminado,n1_0.nombre from nacionalidad n1_0 where not(n1_0.eliminado)
2025-11-04T23:43:42.970Z DEBUG 445980 --- [greedy_cars] [nio-9000-exec-7] o.s.security.web.FilterChainProxy        : Securing POST /api/clientes/dto
2025-11-04T23:43:42.970Z DEBUG 445980 --- [greedy_cars] [nio-9000-exec-7] o.s.s.w.a.AnonymousAuthenticationFilter  : Set SecurityContextHolder to anonymous SecurityContext
2025-11-04T23:43:42.971Z DEBUG 445980 --- [greedy_cars] [nio-9000-exec-7] o.s.security.web.FilterChainProxy        : Secured POST /api/clientes/dto
Hibernate: select c1_0.id,c1_1.apellido,c1_1.eliminado,c1_1.fecha_nacimiento,c1_1.nombre,c1_1.numero_documento,c1_1.tipo_documento,c1_0.direccion_estadia,c1_0.nacionalidad_id from clientes c1_0 join persona c1_1 on c1_0.id=c1_1.id where c1_1.nombre=? and c1_1.apellido=?
Hibernate: insert into persona (apellido,eliminado,fecha_nacimiento,nombre,numero_documento,tipo_documento,tipo_persona,id) values (?,?,?,?,?,?,'CLIENTE',?)
Hibernate: insert into clientes (direccion_estadia,nacionalidad_id,id) values (?,?,?)
2025-11-04T23:43:43.007Z DEBUG 445980 --- [greedy_cars] [nio-9000-exec-8] o.s.security.web.FilterChainProxy        : Securing POST /api/vehiculos
2025-11-04T23:43:43.007Z DEBUG 445980 --- [greedy_cars] [nio-9000-exec-8] o.s.s.w.a.AnonymousAuthenticationFilter  : Set SecurityContextHolder to anonymous SecurityContext
2025-11-04T23:43:43.007Z DEBUG 445980 --- [greedy_cars] [nio-9000-exec-8] o.s.security.web.FilterChainProxy        : Secured POST /api/vehiculos
Hibernate: insert into vehiculo (eliminado,estado_vehiculo,patente,id) values (?,?,?,?)
2025-11-04T23:43:43.027Z DEBUG 445980 --- [greedy_cars] [io-9000-exec-10] o.s.security.web.FilterChainProxy        : Securing POST /api/alquileres
2025-11-04T23:43:43.028Z DEBUG 445980 --- [greedy_cars] [io-9000-exec-10] o.s.s.w.a.AnonymousAuthenticationFilter  : Set SecurityContextHolder to anonymous SecurityContext
2025-11-04T23:43:43.028Z DEBUG 445980 --- [greedy_cars] [io-9000-exec-10] o.s.security.web.FilterChainProxy        : Secured POST /api/alquileres
Hibernate: select c1_0.id,c1_1.apellido,c1_1.eliminado,c1_1.fecha_nacimiento,c1_1.nombre,c1_1.numero_documento,c1_1.tipo_documento,c1_0.direccion_estadia,c1_0.nacionalidad_id from clientes c1_0 join persona c1_1 on c1_0.id=c1_1.id where c1_0.id=? and not(c1_1.eliminado)
Hibernate: select v1_0.id,v1_0.eliminado,v1_0.estado_vehiculo,v1_0.patente from vehiculo v1_0 where v1_0.id=? and not(v1_0.eliminado)
Hibernate: select c1_0.id,c1_1.apellido,c1_1.eliminado,c1_1.fecha_nacimiento,c1_1.nombre,c1_1.numero_documento,c1_1.tipo_documento,c1_0.direccion_estadia,c1_0.nacionalidad_id from clientes c1_0 join persona c1_1 on c1_0.id=c1_1.id where c1_0.id=? and not(c1_1.eliminado)
Hibernate: select v1_0.id,v1_0.eliminado,v1_0.estado_vehiculo,v1_0.patente from vehiculo v1_0 where v1_0.id=? and not(v1_0.eliminado)
Hibernate: select case when count(a1_0.id)>0 then 1 else 0 end from alquiler a1_0 where a1_0.vehiculo_id=? and a1_0.eliminado=0 and (a1_0.fecha_desde<=? and a1_0.fecha_hasta>=?)
Hibernate: insert into alquiler (cliente_id,eliminado,fecha_desde,fecha_hasta,vehiculo_id,id) values (?,?,?,?,?,?)
2025-11-04T23:43:43.092Z DEBUG 445980 --- [greedy_cars] [nio-9000-exec-1] o.s.security.web.FilterChainProxy        : Securing GET /api/alquileres
2025-11-04T23:43:43.092Z DEBUG 445980 --- [greedy_cars] [nio-9000-exec-1] o.s.s.w.a.AnonymousAuthenticationFilter  : Set SecurityContextHolder to anonymous SecurityContext
2025-11-04T23:43:43.092Z DEBUG 445980 --- [greedy_cars] [nio-9000-exec-1] o.s.security.web.FilterChainProxy        : Secured GET /api/alquileres
Hibernate: select a1_0.id,a1_0.cliente_id,a1_0.eliminado,a1_0.fecha_desde,a1_0.fecha_hasta,a1_0.vehiculo_id from alquiler a1_0 where not(a1_0.eliminado)
Hibernate: select d1_0.alquiler_id,d1_1.id,d1_1.eliminado,d1_1.nombre_archivo,d1_1.observacion,d1_1.path_archivo,d1_1.tipo_documentacion from alquiler_documentacion d1_0 join documentacion d1_1 on d1_1.id=d1_0.documentacion_id where d1_0.alquiler_id=?
2025-11-04T23:43:43.116Z DEBUG 445980 --- [greedy_cars] [nio-9000-exec-3] o.s.security.web.FilterChainProxy        : Securing GET /api/alquileres/4b9c4bd5-8e2e-435d-9a3c-4d03b0a3fd3a
2025-11-04T23:43:43.116Z DEBUG 445980 --- [greedy_cars] [nio-9000-exec-3] o.s.s.w.a.AnonymousAuthenticationFilter  : Set SecurityContextHolder to anonymous SecurityContext
2025-11-04T23:43:43.116Z DEBUG 445980 --- [greedy_cars] [nio-9000-exec-3] o.s.security.web.FilterChainProxy        : Secured GET /api/alquileres/4b9c4bd5-8e2e-435d-9a3c-4d03b0a3fd3a
Hibernate: select a1_0.id,a1_0.cliente_id,a1_0.eliminado,a1_0.fecha_desde,a1_0.fecha_hasta,a1_0.vehiculo_id from alquiler a1_0 where a1_0.id=? and not(a1_0.eliminado)
Hibernate: select d1_0.alquiler_id,d1_1.id,d1_1.eliminado,d1_1.nombre_archivo,d1_1.observacion,d1_1.path_archivo,d1_1.tipo_documentacion from alquiler_documentacion d1_0 join documentacion d1_1 on d1_1.id=d1_0.documentacion_id where d1_0.alquiler_id=?
2025-11-04T23:43:43.143Z DEBUG 445980 --- [greedy_cars] [nio-9000-exec-5] o.s.security.web.FilterChainProxy        : Securing PUT /api/alquileres/4b9c4bd5-8e2e-435d-9a3c-4d03b0a3fd3a
2025-11-04T23:43:43.143Z DEBUG 445980 --- [greedy_cars] [nio-9000-exec-5] o.s.s.w.a.AnonymousAuthenticationFilter  : Set SecurityContextHolder to anonymous SecurityContext
2025-11-04T23:43:43.143Z DEBUG 445980 --- [greedy_cars] [nio-9000-exec-5] o.s.security.web.FilterChainProxy        : Secured PUT /api/alquileres/4b9c4bd5-8e2e-435d-9a3c-4d03b0a3fd3a
Hibernate: select c1_0.id,c1_1.apellido,c1_1.eliminado,c1_1.fecha_nacimiento,c1_1.nombre,c1_1.numero_documento,c1_1.tipo_documento,c1_0.direccion_estadia,c1_0.nacionalidad_id from clientes c1_0 join persona c1_1 on c1_0.id=c1_1.id where c1_0.id=? and not(c1_1.eliminado)
Hibernate: select v1_0.id,v1_0.eliminado,v1_0.estado_vehiculo,v1_0.patente from vehiculo v1_0 where v1_0.id=? and not(v1_0.eliminado)
Hibernate: select c1_0.id,c1_1.apellido,c1_1.eliminado,c1_1.fecha_nacimiento,c1_1.nombre,c1_1.numero_documento,c1_1.tipo_documento,c1_0.direccion_estadia,c1_0.nacionalidad_id from clientes c1_0 join persona c1_1 on c1_0.id=c1_1.id where c1_0.id=? and not(c1_1.eliminado)
Hibernate: select v1_0.id,v1_0.eliminado,v1_0.estado_vehiculo,v1_0.patente from vehiculo v1_0 where v1_0.id=? and not(v1_0.eliminado)
Hibernate: select case when count(a1_0.id)>0 then 1 else 0 end from alquiler a1_0 where a1_0.vehiculo_id=? and a1_0.eliminado=0 and (a1_0.fecha_desde<=? and a1_0.fecha_hasta>=?)
Hibernate: select a1_0.id,a1_0.cliente_id,a1_0.eliminado,a1_0.fecha_desde,a1_0.fecha_hasta,a1_0.vehiculo_id from alquiler a1_0 where a1_0.id=? and not(a1_0.eliminado)
Hibernate: select d1_0.alquiler_id,d1_1.id,d1_1.eliminado,d1_1.nombre_archivo,d1_1.observacion,d1_1.path_archivo,d1_1.tipo_documentacion from alquiler_documentacion d1_0 join documentacion d1_1 on d1_1.id=d1_0.documentacion_id where d1_0.alquiler_id=?
Hibernate: update alquiler set cliente_id=?,eliminado=?,fecha_desde=?,fecha_hasta=?,vehiculo_id=? where id=?
2025-11-04T23:43:43.192Z DEBUG 445980 --- [greedy_cars] [nio-9000-exec-6] o.s.security.web.FilterChainProxy        : Securing DELETE /api/alquileres/4b9c4bd5-8e2e-435d-9a3c-4d03b0a3fd3a
2025-11-04T23:43:43.193Z DEBUG 445980 --- [greedy_cars] [nio-9000-exec-6] o.s.s.w.a.AnonymousAuthenticationFilter  : Set SecurityContextHolder to anonymous SecurityContext
2025-11-04T23:43:43.193Z DEBUG 445980 --- [greedy_cars] [nio-9000-exec-6] o.s.security.web.FilterChainProxy        : Secured DELETE /api/alquileres/4b9c4bd5-8e2e-435d-9a3c-4d03b0a3fd3a
Hibernate: select a1_0.id,a1_0.cliente_id,a1_0.eliminado,a1_0.fecha_desde,a1_0.fecha_hasta,a1_0.vehiculo_id from alquiler a1_0 where a1_0.id=? and not(a1_0.eliminado)
2025-11-04T23:43:43.199Z  INFO 445980 --- [greedy_cars] [nio-9000-exec-6] c.u.g.s.template.service.BaseService     : === INICIANDO BAJA LÓGICA ===
2025-11-04T23:43:43.199Z  INFO 445980 --- [greedy_cars] [nio-9000-exec-6] c.u.g.s.template.service.BaseService     : Entidad a eliminar - ID: 4b9c4bd5-8e2e-435d-9a3c-4d03b0a3fd3a, Tipo: Alquiler
2025-11-04T23:43:43.199Z  INFO 445980 --- [greedy_cars] [nio-9000-exec-6] c.u.g.s.template.service.BaseService     : Estado ANTES de baja - eliminado: false
2025-11-04T23:43:43.199Z  INFO 445980 --- [greedy_cars] [nio-9000-exec-6] c.u.g.s.template.service.BaseService     : Estado DESPUÉS de setEliminado(true) - eliminado: true
2025-11-04T23:43:43.200Z  INFO 445980 --- [greedy_cars] [nio-9000-exec-6] c.u.g.s.template.service.BaseService     : Estado DESPUÉS de save() - eliminado: true
2025-11-04T23:43:43.200Z  INFO 445980 --- [greedy_cars] [nio-9000-exec-6] c.u.g.s.template.service.BaseService     : === FIN BAJA LÓGICA ===
Hibernate: update alquiler set cliente_id=?,eliminado=?,fecha_desde=?,fecha_hasta=?,vehiculo_id=? where id=?
2025-11-04T23:43:43.217Z DEBUG 445980 --- [greedy_cars] [nio-9000-exec-8] o.s.security.web.FilterChainProxy        : Securing GET /api/alquileres
2025-11-04T23:43:43.218Z DEBUG 445980 --- [greedy_cars] [nio-9000-exec-8] o.s.s.w.a.AnonymousAuthenticationFilter  : Set SecurityContextHolder to anonymous SecurityContext
2025-11-04T23:43:43.218Z DEBUG 445980 --- [greedy_cars] [nio-9000-exec-8] o.s.security.web.FilterChainProxy        : Secured GET /api/alquileres
Hibernate: select a1_0.id,a1_0.cliente_id,a1_0.eliminado,a1_0.fecha_desde,a1_0.fecha_hasta,a1_0.vehiculo_id from alquiler a1_0 where not(a1_0.eliminado)
2025-11-04T23:44:40.786Z  INFO 445980 --- [greedy_cars] [   File Watcher] rtingClassPathChangeChangedEventListener : Restarting due to 1 class path change (0 additions, 0 deletions, 1 modification)
2025-11-04T23:44:40.788Z  INFO 445980 --- [greedy_cars] [      Thread-11] o.s.b.w.e.tomcat.GracefulShutdown        : Commencing graceful shutdown. Waiting for active requests to complete
2025-11-04T23:44:40.789Z  INFO 445980 --- [greedy_cars] [tomcat-shutdown] o.s.b.w.e.tomcat.GracefulShutdown        : Graceful shutdown complete
2025-11-04T23:44:40.793Z  INFO 445980 --- [greedy_cars] [      Thread-11] j.LocalContainerEntityManagerFactoryBean : Closing JPA EntityManagerFactory for persistence unit 'default'
2025-11-04T23:44:40.793Z  INFO 445980 --- [greedy_cars] [      Thread-11] com.zaxxer.hikari.HikariDataSource       : HikariPool-3 - Shutdown initiated...
2025-11-04T23:44:40.795Z  INFO 445980 --- [greedy_cars] [      Thread-11] com.zaxxer.hikari.HikariDataSource       : HikariPool-3 - Shutdown completed.

  .   ____          _            __ _ _
 /\\ / ___'_ __ _ _(_)_ __  __ _ \ \ \ \
( ( )\___ | '_ | '_| | '_ \/ _` | \ \ \ \
 \\/  ___)| |_)| | | | | || (_| |  ) ) ) )
  '  |____| .__|_| |_|_| |_\__, | / / / /
 =========|_|==============|___/=/_/_/_/

 :: Spring Boot ::                (v3.5.5)

2025-11-04T23:44:40.922Z  INFO 445980 --- [greedy_cars] [  restartedMain] c.u.greedy_cars.GreedyCarsApplication    : Starting GreedyCarsApplication using Java 17.0.15 with PID 445980 (/srv/greedy/ingSoftII/SCRUM/integrador/greedy_cars/target/classes started by juli in /srv/greedy/ingSoftII/SCRUM/integrador/greedy_cars)
2025-11-04T23:44:40.922Z  INFO 445980 --- [greedy_cars] [  restartedMain] c.u.greedy_cars.GreedyCarsApplication    : No active profile set, falling back to 1 default profile: "default"
2025-11-04T23:44:41.100Z  INFO 445980 --- [greedy_cars] [  restartedMain] .s.d.r.c.RepositoryConfigurationDelegate : Bootstrapping Spring Data JPA repositories in DEFAULT mode.
2025-11-04T23:44:41.139Z  INFO 445980 --- [greedy_cars] [  restartedMain] .s.d.r.c.RepositoryConfigurationDelegate : Finished Spring Data repository scanning in 37 ms. Found 18 JPA repository interfaces.
2025-11-04T23:44:41.257Z  INFO 445980 --- [greedy_cars] [  restartedMain] o.s.b.w.embedded.tomcat.TomcatWebServer  : Tomcat initialized with port 9000 (http)
2025-11-04T23:44:41.258Z  INFO 445980 --- [greedy_cars] [  restartedMain] o.apache.catalina.core.StandardService   : Starting service [Tomcat]
2025-11-04T23:44:41.258Z  INFO 445980 --- [greedy_cars] [  restartedMain] o.apache.catalina.core.StandardEngine    : Starting Servlet engine: [Apache Tomcat/10.1.44]
2025-11-04T23:44:41.265Z  INFO 445980 --- [greedy_cars] [  restartedMain] o.a.c.c.C.[Tomcat].[localhost].[/]       : Initializing Spring embedded WebApplicationContext
2025-11-04T23:44:41.265Z  INFO 445980 --- [greedy_cars] [  restartedMain] w.s.c.ServletWebServerApplicationContext : Root WebApplicationContext: initialization completed in 341 ms
2025-11-04T23:44:41.302Z  INFO 445980 --- [greedy_cars] [  restartedMain] o.hibernate.jpa.internal.util.LogHelper  : HHH000204: Processing PersistenceUnitInfo [name: default]
2025-11-04T23:44:41.304Z  INFO 445980 --- [greedy_cars] [  restartedMain] o.h.c.internal.RegionFactoryInitiator    : HHH000026: Second-level cache disabled
2025-11-04T23:44:41.311Z  INFO 445980 --- [greedy_cars] [  restartedMain] o.s.o.j.p.SpringPersistenceUnitInfo      : No LoadTimeWeaver setup: ignoring JPA class transformer
2025-11-04T23:44:41.312Z  INFO 445980 --- [greedy_cars] [  restartedMain] com.zaxxer.hikari.HikariDataSource       : HikariPool-4 - Starting...
2025-11-04T23:44:41.315Z  INFO 445980 --- [greedy_cars] [  restartedMain] com.zaxxer.hikari.pool.HikariPool        : HikariPool-4 - Added connection org.mariadb.jdbc.Connection@7f4f4cc0
2025-11-04T23:44:41.315Z  INFO 445980 --- [greedy_cars] [  restartedMain] com.zaxxer.hikari.HikariDataSource       : HikariPool-4 - Start completed.
2025-11-04T23:44:41.316Z  WARN 445980 --- [greedy_cars] [  restartedMain] org.hibernate.dialect.Dialect            : HHH000511: The 10.3.39 version for [org.hibernate.dialect.MariaDBDialect] is no longer supported, hence certain features may not work properly. The minimum supported version is 10.4.0. Check the community dialects project for available legacy versions.
2025-11-04T23:44:41.316Z  WARN 445980 --- [greedy_cars] [  restartedMain] org.hibernate.orm.deprecation            : HHH90000025: MariaDBDialect does not need to be specified explicitly using 'hibernate.dialect' (remove the property setting and it will be selected by default)
2025-11-04T23:44:41.317Z  INFO 445980 --- [greedy_cars] [  restartedMain] org.hibernate.orm.connections.pooling    : HHH10001005: Database info:
	Database JDBC URL [Connecting through datasource 'HikariDataSource (HikariPool-4)']
	Database driver: undefined/unknown
	Database version: 10.3.39
	Autocommit mode: undefined/unknown
	Isolation level: undefined/unknown
	Minimum pool size: undefined/unknown
	Maximum pool size: undefined/unknown
2025-11-04T23:44:41.524Z  INFO 445980 --- [greedy_cars] [  restartedMain] o.h.e.t.j.p.i.JtaPlatformInitiator       : HHH000489: No JTA platform available (set 'hibernate.transaction.jta.platform' to enable JTA platform integration)
Hibernate: alter table contacto modify column tipo_contacto enum ('EMPRESA','LABORAL','PERSONAL') not null
Hibernate: alter table contacto_telefonico modify column tipo_telefono enum ('CELULAR','FIJO') not null
Hibernate: alter table documentacion modify column tipo_documentacion enum ('CARNET_DE_CONDUCIR','DOCUMENTO_IDENTIDAD') not null
Hibernate: alter table empleados modify column tipo_empleado enum ('ADMINISTRATIVO','JEFE')
Hibernate: alter table imagen modify column tipo_imagen enum ('PERSONA','VEHICULO') not null
Hibernate: alter table persona modify column tipo_documento enum ('CEDULA','DNI','LICENCIA','OTRO','PASAPORTE') not null
Hibernate: alter table usuario modify column rol enum ('ADMINISTRATIVO','CLIENTE','JEFE') not null
Hibernate: alter table vehiculo modify column estado_vehiculo enum ('ALQUILADO','DISPONIBLE') not null
2025-11-04T23:44:41.558Z  INFO 445980 --- [greedy_cars] [  restartedMain] j.LocalContainerEntityManagerFactoryBean : Initialized JPA EntityManagerFactory for persistence unit 'default'
2025-11-04T23:44:41.712Z  INFO 445980 --- [greedy_cars] [  restartedMain] eAuthenticationProviderManagerConfigurer : Global AuthenticationManager configured with AuthenticationProvider bean with name authenticationProvider
2025-11-04T23:44:41.713Z  WARN 445980 --- [greedy_cars] [  restartedMain] r$InitializeUserDetailsManagerConfigurer : Global AuthenticationManager configured with an AuthenticationProvider bean. UserDetailsService beans will not be used by Spring Security for automatically configuring username/password login. Consider removing the AuthenticationProvider bean. Alternatively, consider using the UserDetailsService in a manually instantiated DaoAuthenticationProvider. If the current configuration is intentional, to turn off this warning, increase the logging level of 'org.springframework.security.config.annotation.authentication.configuration.InitializeUserDetailsBeanManagerConfigurer' to ERROR
2025-11-04T23:44:41.988Z  WARN 445980 --- [greedy_cars] [  restartedMain] JpaBaseConfiguration$JpaWebConfiguration : spring.jpa.open-in-view is enabled by default. Therefore, database queries may be performed during view rendering. Explicitly configure spring.jpa.open-in-view to disable this warning
2025-11-04T23:44:42.091Z DEBUG 445980 --- [greedy_cars] [  restartedMain] o.s.s.web.DefaultSecurityFilterChain     : Will secure any request with filters: DisableEncodeUrlFilter, WebAsyncManagerIntegrationFilter, SecurityContextHolderFilter, HeaderWriterFilter, CorsFilter, LogoutFilter, JwtAuthenticationFilter, RequestCacheAwareFilter, SecurityContextHolderAwareRequestFilter, AnonymousAuthenticationFilter, SessionManagementFilter, ExceptionTranslationFilter, AuthorizationFilter
2025-11-04T23:44:42.141Z  INFO 445980 --- [greedy_cars] [  restartedMain] o.s.b.a.h2.H2ConsoleAutoConfiguration    : H2 console available at '/h2-console'. Database available at 'jdbc:mariadb://localhost:3307/greedy_cars_db?user=greedy_cars&password=***&useUnicode=true&serverTimezone=America/Argentina/Mendoza&characterEncoding=utf8'
2025-11-04T23:44:43.029Z  INFO 445980 --- [greedy_cars] [  restartedMain] o.s.b.d.a.OptionalLiveReloadServer       : LiveReload server is running on port 35729
2025-11-04T23:44:43.047Z  INFO 445980 --- [greedy_cars] [  restartedMain] o.s.b.w.embedded.tomcat.TomcatWebServer  : Tomcat started on port 9000 (http) with context path '/'
2025-11-04T23:44:43.053Z  INFO 445980 --- [greedy_cars] [  restartedMain] c.u.greedy_cars.GreedyCarsApplication    : Started GreedyCarsApplication in 2.15 seconds (process running for 239.173)
Hibernate: select u1_0.id from usuario u1_0 where u1_0.nombre_usuario=? and not(u1_0.eliminado) limit ?
ℹ️  Usuario administrador ya existe en la base de datos
2025-11-04T23:44:43.091Z  INFO 445980 --- [greedy_cars] [  restartedMain] .ConditionEvaluationDeltaLoggingListener : Condition evaluation unchanged
2025-11-04T23:44:44.435Z  INFO 445980 --- [greedy_cars] [   File Watcher] rtingClassPathChangeChangedEventListener : Restarting due to 6 class path changes (0 additions, 0 deletions, 6 modifications)
2025-11-04T23:44:44.437Z  INFO 445980 --- [greedy_cars] [      Thread-16] o.s.b.w.e.tomcat.GracefulShutdown        : Commencing graceful shutdown. Waiting for active requests to complete
2025-11-04T23:44:44.438Z  INFO 445980 --- [greedy_cars] [tomcat-shutdown] o.s.b.w.e.tomcat.GracefulShutdown        : Graceful shutdown complete
2025-11-04T23:44:44.441Z  INFO 445980 --- [greedy_cars] [      Thread-16] j.LocalContainerEntityManagerFactoryBean : Closing JPA EntityManagerFactory for persistence unit 'default'
2025-11-04T23:44:44.442Z  INFO 445980 --- [greedy_cars] [      Thread-16] com.zaxxer.hikari.HikariDataSource       : HikariPool-4 - Shutdown initiated...
2025-11-04T23:44:44.445Z  INFO 445980 --- [greedy_cars] [      Thread-16] com.zaxxer.hikari.HikariDataSource       : HikariPool-4 - Shutdown completed.

  .   ____          _            __ _ _
 /\\ / ___'_ __ _ _(_)_ __  __ _ \ \ \ \
( ( )\___ | '_ | '_| | '_ \/ _` | \ \ \ \
 \\/  ___)| |_)| | | | | || (_| |  ) ) ) )
  '  |____| .__|_| |_|_| |_\__, | / / / /
 =========|_|==============|___/=/_/_/_/

 :: Spring Boot ::                (v3.5.5)

2025-11-04T23:44:44.545Z  INFO 445980 --- [greedy_cars] [  restartedMain] c.u.greedy_cars.GreedyCarsApplication    : Starting GreedyCarsApplication using Java 17.0.15 with PID 445980 (/srv/greedy/ingSoftII/SCRUM/integrador/greedy_cars/target/classes started by juli in /srv/greedy/ingSoftII/SCRUM/integrador/greedy_cars)
2025-11-04T23:44:44.545Z  INFO 445980 --- [greedy_cars] [  restartedMain] c.u.greedy_cars.GreedyCarsApplication    : No active profile set, falling back to 1 default profile: "default"
2025-11-04T23:44:44.749Z  INFO 445980 --- [greedy_cars] [  restartedMain] .s.d.r.c.RepositoryConfigurationDelegate : Bootstrapping Spring Data JPA repositories in DEFAULT mode.
2025-11-04T23:44:44.789Z  INFO 445980 --- [greedy_cars] [  restartedMain] .s.d.r.c.RepositoryConfigurationDelegate : Finished Spring Data repository scanning in 39 ms. Found 18 JPA repository interfaces.
2025-11-04T23:44:44.902Z  INFO 445980 --- [greedy_cars] [  restartedMain] o.s.b.w.embedded.tomcat.TomcatWebServer  : Tomcat initialized with port 9000 (http)
2025-11-04T23:44:44.903Z  INFO 445980 --- [greedy_cars] [  restartedMain] o.apache.catalina.core.StandardService   : Starting service [Tomcat]
2025-11-04T23:44:44.903Z  INFO 445980 --- [greedy_cars] [  restartedMain] o.apache.catalina.core.StandardEngine    : Starting Servlet engine: [Apache Tomcat/10.1.44]
2025-11-04T23:44:44.910Z  INFO 445980 --- [greedy_cars] [  restartedMain] o.a.c.c.C.[Tomcat].[localhost].[/]       : Initializing Spring embedded WebApplicationContext
2025-11-04T23:44:44.910Z  INFO 445980 --- [greedy_cars] [  restartedMain] w.s.c.ServletWebServerApplicationContext : Root WebApplicationContext: initialization completed in 363 ms
2025-11-04T23:44:44.945Z  INFO 445980 --- [greedy_cars] [  restartedMain] o.hibernate.jpa.internal.util.LogHelper  : HHH000204: Processing PersistenceUnitInfo [name: default]
2025-11-04T23:44:44.947Z  INFO 445980 --- [greedy_cars] [  restartedMain] o.h.c.internal.RegionFactoryInitiator    : HHH000026: Second-level cache disabled
2025-11-04T23:44:44.953Z  INFO 445980 --- [greedy_cars] [  restartedMain] o.s.o.j.p.SpringPersistenceUnitInfo      : No LoadTimeWeaver setup: ignoring JPA class transformer
2025-11-04T23:44:44.954Z  INFO 445980 --- [greedy_cars] [  restartedMain] com.zaxxer.hikari.HikariDataSource       : HikariPool-5 - Starting...
2025-11-04T23:44:44.957Z  INFO 445980 --- [greedy_cars] [  restartedMain] com.zaxxer.hikari.pool.HikariPool        : HikariPool-5 - Added connection org.mariadb.jdbc.Connection@6e3ae02d
2025-11-04T23:44:44.957Z  INFO 445980 --- [greedy_cars] [  restartedMain] com.zaxxer.hikari.HikariDataSource       : HikariPool-5 - Start completed.
2025-11-04T23:44:44.958Z  WARN 445980 --- [greedy_cars] [  restartedMain] org.hibernate.dialect.Dialect            : HHH000511: The 10.3.39 version for [org.hibernate.dialect.MariaDBDialect] is no longer supported, hence certain features may not work properly. The minimum supported version is 10.4.0. Check the community dialects project for available legacy versions.
2025-11-04T23:44:44.958Z  WARN 445980 --- [greedy_cars] [  restartedMain] org.hibernate.orm.deprecation            : HHH90000025: MariaDBDialect does not need to be specified explicitly using 'hibernate.dialect' (remove the property setting and it will be selected by default)
2025-11-04T23:44:44.959Z  INFO 445980 --- [greedy_cars] [  restartedMain] org.hibernate.orm.connections.pooling    : HHH10001005: Database info:
	Database JDBC URL [Connecting through datasource 'HikariDataSource (HikariPool-5)']
	Database driver: undefined/unknown
	Database version: 10.3.39
	Autocommit mode: undefined/unknown
	Isolation level: undefined/unknown
	Minimum pool size: undefined/unknown
	Maximum pool size: undefined/unknown
2025-11-04T23:44:45.188Z  INFO 445980 --- [greedy_cars] [  restartedMain] o.h.e.t.j.p.i.JtaPlatformInitiator       : HHH000489: No JTA platform available (set 'hibernate.transaction.jta.platform' to enable JTA platform integration)
Hibernate: alter table contacto modify column tipo_contacto enum ('EMPRESA','LABORAL','PERSONAL') not null
Hibernate: alter table contacto_telefonico modify column tipo_telefono enum ('CELULAR','FIJO') not null
Hibernate: alter table documentacion modify column tipo_documentacion enum ('CARNET_DE_CONDUCIR','DOCUMENTO_IDENTIDAD') not null
Hibernate: alter table empleados modify column tipo_empleado enum ('ADMINISTRATIVO','JEFE')
Hibernate: alter table imagen modify column tipo_imagen enum ('PERSONA','VEHICULO') not null
Hibernate: alter table persona modify column tipo_documento enum ('CEDULA','DNI','LICENCIA','OTRO','PASAPORTE') not null
Hibernate: alter table usuario modify column rol enum ('ADMINISTRATIVO','CLIENTE','JEFE') not null
Hibernate: alter table vehiculo modify column estado_vehiculo enum ('ALQUILADO','DISPONIBLE') not null
2025-11-04T23:44:45.216Z  INFO 445980 --- [greedy_cars] [  restartedMain] j.LocalContainerEntityManagerFactoryBean : Initialized JPA EntityManagerFactory for persistence unit 'default'
2025-11-04T23:44:45.368Z  INFO 445980 --- [greedy_cars] [  restartedMain] eAuthenticationProviderManagerConfigurer : Global AuthenticationManager configured with AuthenticationProvider bean with name authenticationProvider
2025-11-04T23:44:45.369Z  WARN 445980 --- [greedy_cars] [  restartedMain] r$InitializeUserDetailsManagerConfigurer : Global AuthenticationManager configured with an AuthenticationProvider bean. UserDetailsService beans will not be used by Spring Security for automatically configuring username/password login. Consider removing the AuthenticationProvider bean. Alternatively, consider using the UserDetailsService in a manually instantiated DaoAuthenticationProvider. If the current configuration is intentional, to turn off this warning, increase the logging level of 'org.springframework.security.config.annotation.authentication.configuration.InitializeUserDetailsBeanManagerConfigurer' to ERROR
2025-11-04T23:44:45.625Z  WARN 445980 --- [greedy_cars] [  restartedMain] JpaBaseConfiguration$JpaWebConfiguration : spring.jpa.open-in-view is enabled by default. Therefore, database queries may be performed during view rendering. Explicitly configure spring.jpa.open-in-view to disable this warning
2025-11-04T23:44:45.728Z DEBUG 445980 --- [greedy_cars] [  restartedMain] o.s.s.web.DefaultSecurityFilterChain     : Will secure any request with filters: DisableEncodeUrlFilter, WebAsyncManagerIntegrationFilter, SecurityContextHolderFilter, HeaderWriterFilter, CorsFilter, LogoutFilter, JwtAuthenticationFilter, RequestCacheAwareFilter, SecurityContextHolderAwareRequestFilter, AnonymousAuthenticationFilter, SessionManagementFilter, ExceptionTranslationFilter, AuthorizationFilter
2025-11-04T23:44:45.778Z  INFO 445980 --- [greedy_cars] [  restartedMain] o.s.b.a.h2.H2ConsoleAutoConfiguration    : H2 console available at '/h2-console'. Database available at 'jdbc:mariadb://localhost:3307/greedy_cars_db?user=greedy_cars&password=***&useUnicode=true&serverTimezone=America/Argentina/Mendoza&characterEncoding=utf8'
2025-11-04T23:44:46.760Z  INFO 445980 --- [greedy_cars] [  restartedMain] o.s.b.d.a.OptionalLiveReloadServer       : LiveReload server is running on port 35729
2025-11-04T23:44:46.772Z  INFO 445980 --- [greedy_cars] [  restartedMain] o.s.b.w.embedded.tomcat.TomcatWebServer  : Tomcat started on port 9000 (http) with context path '/'
2025-11-04T23:44:46.777Z  INFO 445980 --- [greedy_cars] [  restartedMain] c.u.greedy_cars.GreedyCarsApplication    : Started GreedyCarsApplication in 2.253 seconds (process running for 242.898)
Hibernate: select u1_0.id from usuario u1_0 where u1_0.nombre_usuario=? and not(u1_0.eliminado) limit ?
ℹ️  Usuario administrador ya existe en la base de datos
2025-11-04T23:44:46.805Z  INFO 445980 --- [greedy_cars] [  restartedMain] .ConditionEvaluationDeltaLoggingListener : Condition evaluation unchanged
2025-11-04T23:55:54.955Z  INFO 445980 --- [greedy_cars] [   File Watcher] rtingClassPathChangeChangedEventListener : Restarting due to 1 class path change (1 addition, 0 deletions, 0 modifications)
2025-11-04T23:55:54.956Z  INFO 445980 --- [greedy_cars] [      Thread-20] o.s.b.w.e.tomcat.GracefulShutdown        : Commencing graceful shutdown. Waiting for active requests to complete
2025-11-04T23:55:54.957Z  INFO 445980 --- [greedy_cars] [tomcat-shutdown] o.s.b.w.e.tomcat.GracefulShutdown        : Graceful shutdown complete
2025-11-04T23:55:54.960Z  INFO 445980 --- [greedy_cars] [      Thread-20] j.LocalContainerEntityManagerFactoryBean : Closing JPA EntityManagerFactory for persistence unit 'default'
2025-11-04T23:55:54.960Z  INFO 445980 --- [greedy_cars] [      Thread-20] com.zaxxer.hikari.HikariDataSource       : HikariPool-5 - Shutdown initiated...
2025-11-04T23:55:54.962Z  INFO 445980 --- [greedy_cars] [      Thread-20] com.zaxxer.hikari.HikariDataSource       : HikariPool-5 - Shutdown completed.

  .   ____          _            __ _ _
 /\\ / ___'_ __ _ _(_)_ __  __ _ \ \ \ \
( ( )\___ | '_ | '_| | '_ \/ _` | \ \ \ \
 \\/  ___)| |_)| | | | | || (_| |  ) ) ) )
  '  |____| .__|_| |_|_| |_\__, | / / / /
 =========|_|==============|___/=/_/_/_/

 :: Spring Boot ::                (v3.5.5)

2025-11-04T23:55:55.057Z  INFO 445980 --- [greedy_cars] [  restartedMain] c.u.greedy_cars.GreedyCarsApplication    : Starting GreedyCarsApplication using Java 17.0.15 with PID 445980 (/srv/greedy/ingSoftII/SCRUM/integrador/greedy_cars/target/classes started by juli in /srv/greedy/ingSoftII/SCRUM/integrador/greedy_cars)
2025-11-04T23:55:55.057Z  INFO 445980 --- [greedy_cars] [  restartedMain] c.u.greedy_cars.GreedyCarsApplication    : No active profile set, falling back to 1 default profile: "default"
2025-11-04T23:55:55.232Z  INFO 445980 --- [greedy_cars] [  restartedMain] .s.d.r.c.RepositoryConfigurationDelegate : Bootstrapping Spring Data JPA repositories in DEFAULT mode.
2025-11-04T23:55:55.269Z  INFO 445980 --- [greedy_cars] [  restartedMain] .s.d.r.c.RepositoryConfigurationDelegate : Finished Spring Data repository scanning in 36 ms. Found 18 JPA repository interfaces.
2025-11-04T23:55:55.393Z  INFO 445980 --- [greedy_cars] [  restartedMain] o.s.b.w.embedded.tomcat.TomcatWebServer  : Tomcat initialized with port 9000 (http)
2025-11-04T23:55:55.394Z  INFO 445980 --- [greedy_cars] [  restartedMain] o.apache.catalina.core.StandardService   : Starting service [Tomcat]
2025-11-04T23:55:55.394Z  INFO 445980 --- [greedy_cars] [  restartedMain] o.apache.catalina.core.StandardEngine    : Starting Servlet engine: [Apache Tomcat/10.1.44]
2025-11-04T23:55:55.401Z  INFO 445980 --- [greedy_cars] [  restartedMain] o.a.c.c.C.[Tomcat].[localhost].[/]       : Initializing Spring embedded WebApplicationContext
2025-11-04T23:55:55.401Z  INFO 445980 --- [greedy_cars] [  restartedMain] w.s.c.ServletWebServerApplicationContext : Root WebApplicationContext: initialization completed in 342 ms
2025-11-04T23:55:55.441Z  INFO 445980 --- [greedy_cars] [  restartedMain] o.hibernate.jpa.internal.util.LogHelper  : HHH000204: Processing PersistenceUnitInfo [name: default]
2025-11-04T23:55:55.443Z  INFO 445980 --- [greedy_cars] [  restartedMain] o.h.c.internal.RegionFactoryInitiator    : HHH000026: Second-level cache disabled
2025-11-04T23:55:55.450Z  INFO 445980 --- [greedy_cars] [  restartedMain] o.s.o.j.p.SpringPersistenceUnitInfo      : No LoadTimeWeaver setup: ignoring JPA class transformer
2025-11-04T23:55:55.451Z  INFO 445980 --- [greedy_cars] [  restartedMain] com.zaxxer.hikari.HikariDataSource       : HikariPool-6 - Starting...
2025-11-04T23:55:55.454Z  INFO 445980 --- [greedy_cars] [  restartedMain] com.zaxxer.hikari.pool.HikariPool        : HikariPool-6 - Added connection org.mariadb.jdbc.Connection@7ba2911c
2025-11-04T23:55:55.455Z  INFO 445980 --- [greedy_cars] [  restartedMain] com.zaxxer.hikari.HikariDataSource       : HikariPool-6 - Start completed.
2025-11-04T23:55:55.455Z  WARN 445980 --- [greedy_cars] [  restartedMain] org.hibernate.dialect.Dialect            : HHH000511: The 10.3.39 version for [org.hibernate.dialect.MariaDBDialect] is no longer supported, hence certain features may not work properly. The minimum supported version is 10.4.0. Check the community dialects project for available legacy versions.
2025-11-04T23:55:55.456Z  WARN 445980 --- [greedy_cars] [  restartedMain] org.hibernate.orm.deprecation            : HHH90000025: MariaDBDialect does not need to be specified explicitly using 'hibernate.dialect' (remove the property setting and it will be selected by default)
2025-11-04T23:55:55.456Z  INFO 445980 --- [greedy_cars] [  restartedMain] org.hibernate.orm.connections.pooling    : HHH10001005: Database info:
	Database JDBC URL [Connecting through datasource 'HikariDataSource (HikariPool-6)']
	Database driver: undefined/unknown
	Database version: 10.3.39
	Autocommit mode: undefined/unknown
	Isolation level: undefined/unknown
	Minimum pool size: undefined/unknown
	Maximum pool size: undefined/unknown
2025-11-04T23:55:55.672Z  INFO 445980 --- [greedy_cars] [  restartedMain] o.h.e.t.j.p.i.JtaPlatformInitiator       : HHH000489: No JTA platform available (set 'hibernate.transaction.jta.platform' to enable JTA platform integration)
Hibernate: alter table contacto modify column tipo_contacto enum ('EMPRESA','LABORAL','PERSONAL') not null
Hibernate: alter table contacto_telefonico modify column tipo_telefono enum ('CELULAR','FIJO') not null
Hibernate: alter table documentacion modify column tipo_documentacion enum ('CARNET_DE_CONDUCIR','DOCUMENTO_IDENTIDAD') not null
Hibernate: alter table empleados modify column tipo_empleado enum ('ADMINISTRATIVO','JEFE')
Hibernate: alter table imagen modify column contenido LONGBLOB not null
Hibernate: alter table imagen modify column tipo_imagen enum ('PERSONA','VEHICULO') not null
Hibernate: alter table persona modify column tipo_documento enum ('CEDULA','DNI','LICENCIA','OTRO','PASAPORTE') not null
Hibernate: alter table usuario modify column rol enum ('ADMINISTRATIVO','CLIENTE','JEFE') not null
Hibernate: alter table vehiculo modify column estado_vehiculo enum ('ALQUILADO','DISPONIBLE') not null
2025-11-04T23:55:55.728Z  INFO 445980 --- [greedy_cars] [  restartedMain] j.LocalContainerEntityManagerFactoryBean : Initialized JPA EntityManagerFactory for persistence unit 'default'
2025-11-04T23:55:55.879Z  INFO 445980 --- [greedy_cars] [  restartedMain] eAuthenticationProviderManagerConfigurer : Global AuthenticationManager configured with AuthenticationProvider bean with name authenticationProvider
2025-11-04T23:55:55.879Z  WARN 445980 --- [greedy_cars] [  restartedMain] r$InitializeUserDetailsManagerConfigurer : Global AuthenticationManager configured with an AuthenticationProvider bean. UserDetailsService beans will not be used by Spring Security for automatically configuring username/password login. Consider removing the AuthenticationProvider bean. Alternatively, consider using the UserDetailsService in a manually instantiated DaoAuthenticationProvider. If the current configuration is intentional, to turn off this warning, increase the logging level of 'org.springframework.security.config.annotation.authentication.configuration.InitializeUserDetailsBeanManagerConfigurer' to ERROR
2025-11-04T23:55:56.126Z  WARN 445980 --- [greedy_cars] [  restartedMain] JpaBaseConfiguration$JpaWebConfiguration : spring.jpa.open-in-view is enabled by default. Therefore, database queries may be performed during view rendering. Explicitly configure spring.jpa.open-in-view to disable this warning
2025-11-04T23:55:56.241Z DEBUG 445980 --- [greedy_cars] [  restartedMain] o.s.s.web.DefaultSecurityFilterChain     : Will secure any request with filters: DisableEncodeUrlFilter, WebAsyncManagerIntegrationFilter, SecurityContextHolderFilter, HeaderWriterFilter, CorsFilter, LogoutFilter, JwtAuthenticationFilter, RequestCacheAwareFilter, SecurityContextHolderAwareRequestFilter, AnonymousAuthenticationFilter, SessionManagementFilter, ExceptionTranslationFilter, AuthorizationFilter
2025-11-04T23:55:56.301Z  INFO 445980 --- [greedy_cars] [  restartedMain] o.s.b.a.h2.H2ConsoleAutoConfiguration    : H2 console available at '/h2-console'. Database available at 'jdbc:mariadb://localhost:3307/greedy_cars_db?user=greedy_cars&password=***&useUnicode=true&serverTimezone=America/Argentina/Mendoza&characterEncoding=utf8'
2025-11-04T23:56:00.817Z  INFO 445980 --- [greedy_cars] [  restartedMain] o.s.b.d.a.OptionalLiveReloadServer       : LiveReload server is running on port 35729
2025-11-04T23:56:00.830Z  INFO 445980 --- [greedy_cars] [  restartedMain] o.s.b.w.embedded.tomcat.TomcatWebServer  : Tomcat started on port 9000 (http) with context path '/'
2025-11-04T23:56:00.836Z  INFO 445980 --- [greedy_cars] [  restartedMain] c.u.greedy_cars.GreedyCarsApplication    : Started GreedyCarsApplication in 5.799 seconds (process running for 916.957)
Hibernate: select u1_0.id from usuario u1_0 where u1_0.nombre_usuario=? and not(u1_0.eliminado) limit ?
ℹ️  Usuario administrador ya existe en la base de datos
2025-11-04T23:56:00.869Z  INFO 445980 --- [greedy_cars] [  restartedMain] .ConditionEvaluationDeltaLoggingListener : Condition evaluation unchanged
2025-11-04T23:56:57.373Z  INFO 445980 --- [greedy_cars] [   File Watcher] rtingClassPathChangeChangedEventListener : Restarting due to 5 class path changes (0 additions, 0 deletions, 5 modifications)
2025-11-04T23:56:57.375Z  INFO 445980 --- [greedy_cars] [      Thread-24] o.s.b.w.e.tomcat.GracefulShutdown        : Commencing graceful shutdown. Waiting for active requests to complete
2025-11-04T23:56:57.376Z  INFO 445980 --- [greedy_cars] [tomcat-shutdown] o.s.b.w.e.tomcat.GracefulShutdown        : Graceful shutdown complete
2025-11-04T23:56:57.379Z  INFO 445980 --- [greedy_cars] [      Thread-24] j.LocalContainerEntityManagerFactoryBean : Closing JPA EntityManagerFactory for persistence unit 'default'
2025-11-04T23:56:57.379Z  INFO 445980 --- [greedy_cars] [      Thread-24] com.zaxxer.hikari.HikariDataSource       : HikariPool-6 - Shutdown initiated...
2025-11-04T23:56:57.381Z  INFO 445980 --- [greedy_cars] [      Thread-24] com.zaxxer.hikari.HikariDataSource       : HikariPool-6 - Shutdown completed.

  .   ____          _            __ _ _
 /\\ / ___'_ __ _ _(_)_ __  __ _ \ \ \ \
( ( )\___ | '_ | '_| | '_ \/ _` | \ \ \ \
 \\/  ___)| |_)| | | | | || (_| |  ) ) ) )
  '  |____| .__|_| |_|_| |_\__, | / / / /
 =========|_|==============|___/=/_/_/_/

 :: Spring Boot ::                (v3.5.5)

2025-11-04T23:56:57.493Z  INFO 445980 --- [greedy_cars] [  restartedMain] c.u.greedy_cars.GreedyCarsApplication    : Starting GreedyCarsApplication using Java 17.0.15 with PID 445980 (/srv/greedy/ingSoftII/SCRUM/integrador/greedy_cars/target/classes started by juli in /srv/greedy/ingSoftII/SCRUM/integrador/greedy_cars)
2025-11-04T23:56:57.493Z  INFO 445980 --- [greedy_cars] [  restartedMain] c.u.greedy_cars.GreedyCarsApplication    : No active profile set, falling back to 1 default profile: "default"
2025-11-04T23:56:57.672Z  INFO 445980 --- [greedy_cars] [  restartedMain] .s.d.r.c.RepositoryConfigurationDelegate : Bootstrapping Spring Data JPA repositories in DEFAULT mode.
2025-11-04T23:56:57.712Z  INFO 445980 --- [greedy_cars] [  restartedMain] .s.d.r.c.RepositoryConfigurationDelegate : Finished Spring Data repository scanning in 38 ms. Found 18 JPA repository interfaces.
2025-11-04T23:56:57.864Z  INFO 445980 --- [greedy_cars] [  restartedMain] o.s.b.w.embedded.tomcat.TomcatWebServer  : Tomcat initialized with port 9000 (http)
2025-11-04T23:56:57.866Z  INFO 445980 --- [greedy_cars] [  restartedMain] o.apache.catalina.core.StandardService   : Starting service [Tomcat]
2025-11-04T23:56:57.867Z  INFO 445980 --- [greedy_cars] [  restartedMain] o.apache.catalina.core.StandardEngine    : Starting Servlet engine: [Apache Tomcat/10.1.44]
2025-11-04T23:56:57.877Z  INFO 445980 --- [greedy_cars] [  restartedMain] o.a.c.c.C.[Tomcat].[localhost].[/]       : Initializing Spring embedded WebApplicationContext
2025-11-04T23:56:57.878Z  INFO 445980 --- [greedy_cars] [  restartedMain] w.s.c.ServletWebServerApplicationContext : Root WebApplicationContext: initialization completed in 383 ms
2025-11-04T23:56:57.913Z  INFO 445980 --- [greedy_cars] [  restartedMain] o.hibernate.jpa.internal.util.LogHelper  : HHH000204: Processing PersistenceUnitInfo [name: default]
2025-11-04T23:56:57.915Z  INFO 445980 --- [greedy_cars] [  restartedMain] o.h.c.internal.RegionFactoryInitiator    : HHH000026: Second-level cache disabled
2025-11-04T23:56:57.921Z  INFO 445980 --- [greedy_cars] [  restartedMain] o.s.o.j.p.SpringPersistenceUnitInfo      : No LoadTimeWeaver setup: ignoring JPA class transformer
2025-11-04T23:56:57.922Z  INFO 445980 --- [greedy_cars] [  restartedMain] com.zaxxer.hikari.HikariDataSource       : HikariPool-7 - Starting...
2025-11-04T23:56:57.925Z  INFO 445980 --- [greedy_cars] [  restartedMain] com.zaxxer.hikari.pool.HikariPool        : HikariPool-7 - Added connection org.mariadb.jdbc.Connection@126801e9
2025-11-04T23:56:57.925Z  INFO 445980 --- [greedy_cars] [  restartedMain] com.zaxxer.hikari.HikariDataSource       : HikariPool-7 - Start completed.
2025-11-04T23:56:57.926Z  WARN 445980 --- [greedy_cars] [  restartedMain] org.hibernate.dialect.Dialect            : HHH000511: The 10.3.39 version for [org.hibernate.dialect.MariaDBDialect] is no longer supported, hence certain features may not work properly. The minimum supported version is 10.4.0. Check the community dialects project for available legacy versions.
2025-11-04T23:56:57.926Z  WARN 445980 --- [greedy_cars] [  restartedMain] org.hibernate.orm.deprecation            : HHH90000025: MariaDBDialect does not need to be specified explicitly using 'hibernate.dialect' (remove the property setting and it will be selected by default)
2025-11-04T23:56:57.927Z  INFO 445980 --- [greedy_cars] [  restartedMain] org.hibernate.orm.connections.pooling    : HHH10001005: Database info:
	Database JDBC URL [Connecting through datasource 'HikariDataSource (HikariPool-7)']
	Database driver: undefined/unknown
	Database version: 10.3.39
	Autocommit mode: undefined/unknown
	Isolation level: undefined/unknown
	Minimum pool size: undefined/unknown
	Maximum pool size: undefined/unknown
2025-11-04T23:56:58.134Z  INFO 445980 --- [greedy_cars] [  restartedMain] o.h.e.t.j.p.i.JtaPlatformInitiator       : HHH000489: No JTA platform available (set 'hibernate.transaction.jta.platform' to enable JTA platform integration)
Hibernate: alter table contacto modify column tipo_contacto enum ('EMPRESA','LABORAL','PERSONAL') not null
Hibernate: alter table contacto_telefonico modify column tipo_telefono enum ('CELULAR','FIJO') not null
Hibernate: alter table documentacion modify column tipo_documentacion enum ('CARNET_DE_CONDUCIR','DOCUMENTO_IDENTIDAD') not null
Hibernate: alter table empleados modify column tipo_empleado enum ('ADMINISTRATIVO','JEFE')
Hibernate: alter table imagen modify column tipo_imagen enum ('PERSONA','VEHICULO') not null
Hibernate: alter table imagen add column persona_id varchar(36)
Hibernate: alter table persona modify column tipo_documento enum ('CEDULA','DNI','LICENCIA','OTRO','PASAPORTE') not null
Hibernate: alter table usuario modify column rol enum ('ADMINISTRATIVO','CLIENTE','JEFE') not null
Hibernate: alter table vehiculo modify column estado_vehiculo enum ('ALQUILADO','DISPONIBLE') not null
Hibernate: alter table imagen add constraint FKh0u44y3mptg2rupyu6oibrqek foreign key (persona_id) references persona (id)
2025-11-04T23:56:58.188Z  INFO 445980 --- [greedy_cars] [  restartedMain] j.LocalContainerEntityManagerFactoryBean : Initialized JPA EntityManagerFactory for persistence unit 'default'
2025-11-04T23:56:58.325Z  INFO 445980 --- [greedy_cars] [  restartedMain] eAuthenticationProviderManagerConfigurer : Global AuthenticationManager configured with AuthenticationProvider bean with name authenticationProvider
2025-11-04T23:56:58.326Z  WARN 445980 --- [greedy_cars] [  restartedMain] r$InitializeUserDetailsManagerConfigurer : Global AuthenticationManager configured with an AuthenticationProvider bean. UserDetailsService beans will not be used by Spring Security for automatically configuring username/password login. Consider removing the AuthenticationProvider bean. Alternatively, consider using the UserDetailsService in a manually instantiated DaoAuthenticationProvider. If the current configuration is intentional, to turn off this warning, increase the logging level of 'org.springframework.security.config.annotation.authentication.configuration.InitializeUserDetailsBeanManagerConfigurer' to ERROR
2025-11-04T23:56:58.561Z  WARN 445980 --- [greedy_cars] [  restartedMain] JpaBaseConfiguration$JpaWebConfiguration : spring.jpa.open-in-view is enabled by default. Therefore, database queries may be performed during view rendering. Explicitly configure spring.jpa.open-in-view to disable this warning
2025-11-04T23:56:58.657Z DEBUG 445980 --- [greedy_cars] [  restartedMain] o.s.s.web.DefaultSecurityFilterChain     : Will secure any request with filters: DisableEncodeUrlFilter, WebAsyncManagerIntegrationFilter, SecurityContextHolderFilter, HeaderWriterFilter, CorsFilter, LogoutFilter, JwtAuthenticationFilter, RequestCacheAwareFilter, SecurityContextHolderAwareRequestFilter, AnonymousAuthenticationFilter, SessionManagementFilter, ExceptionTranslationFilter, AuthorizationFilter
2025-11-04T23:56:58.719Z  INFO 445980 --- [greedy_cars] [  restartedMain] o.s.b.a.h2.H2ConsoleAutoConfiguration    : H2 console available at '/h2-console'. Database available at 'jdbc:mariadb://localhost:3307/greedy_cars_db?user=greedy_cars&password=***&useUnicode=true&serverTimezone=America/Argentina/Mendoza&characterEncoding=utf8'
2025-11-04T23:57:03.113Z  INFO 445980 --- [greedy_cars] [  restartedMain] o.s.b.d.a.OptionalLiveReloadServer       : LiveReload server is running on port 35729
2025-11-04T23:57:03.126Z  INFO 445980 --- [greedy_cars] [  restartedMain] o.s.b.w.embedded.tomcat.TomcatWebServer  : Tomcat started on port 9000 (http) with context path '/'
2025-11-04T23:57:03.132Z  INFO 445980 --- [greedy_cars] [  restartedMain] c.u.greedy_cars.GreedyCarsApplication    : Started GreedyCarsApplication in 5.663 seconds (process running for 979.252)
Hibernate: select u1_0.id from usuario u1_0 where u1_0.nombre_usuario=? and not(u1_0.eliminado) limit ?
ℹ️  Usuario administrador ya existe en la base de datos
2025-11-04T23:57:03.160Z  INFO 445980 --- [greedy_cars] [  restartedMain] .ConditionEvaluationDeltaLoggingListener : Condition evaluation unchanged
2025-11-04T23:57:16.551Z  INFO 445980 --- [greedy_cars] [   File Watcher] rtingClassPathChangeChangedEventListener : Restarting due to 1 class path change (0 additions, 0 deletions, 1 modification)
2025-11-04T23:57:16.553Z  INFO 445980 --- [greedy_cars] [      Thread-28] o.s.b.w.e.tomcat.GracefulShutdown        : Commencing graceful shutdown. Waiting for active requests to complete
2025-11-04T23:57:16.554Z  INFO 445980 --- [greedy_cars] [tomcat-shutdown] o.s.b.w.e.tomcat.GracefulShutdown        : Graceful shutdown complete
2025-11-04T23:57:16.557Z  INFO 445980 --- [greedy_cars] [      Thread-28] j.LocalContainerEntityManagerFactoryBean : Closing JPA EntityManagerFactory for persistence unit 'default'
2025-11-04T23:57:16.558Z  INFO 445980 --- [greedy_cars] [      Thread-28] com.zaxxer.hikari.HikariDataSource       : HikariPool-7 - Shutdown initiated...
2025-11-04T23:57:16.559Z  INFO 445980 --- [greedy_cars] [      Thread-28] com.zaxxer.hikari.HikariDataSource       : HikariPool-7 - Shutdown completed.

  .   ____          _            __ _ _
 /\\ / ___'_ __ _ _(_)_ __  __ _ \ \ \ \
( ( )\___ | '_ | '_| | '_ \/ _` | \ \ \ \
 \\/  ___)| |_)| | | | | || (_| |  ) ) ) )
  '  |____| .__|_| |_|_| |_\__, | / / / /
 =========|_|==============|___/=/_/_/_/

 :: Spring Boot ::                (v3.5.5)

2025-11-04T23:57:16.662Z  INFO 445980 --- [greedy_cars] [  restartedMain] c.u.greedy_cars.GreedyCarsApplication    : Starting GreedyCarsApplication using Java 17.0.15 with PID 445980 (/srv/greedy/ingSoftII/SCRUM/integrador/greedy_cars/target/classes started by juli in /srv/greedy/ingSoftII/SCRUM/integrador/greedy_cars)
2025-11-04T23:57:16.663Z  INFO 445980 --- [greedy_cars] [  restartedMain] c.u.greedy_cars.GreedyCarsApplication    : No active profile set, falling back to 1 default profile: "default"
2025-11-04T23:57:16.832Z  INFO 445980 --- [greedy_cars] [  restartedMain] .s.d.r.c.RepositoryConfigurationDelegate : Bootstrapping Spring Data JPA repositories in DEFAULT mode.
2025-11-04T23:57:16.868Z  INFO 445980 --- [greedy_cars] [  restartedMain] .s.d.r.c.RepositoryConfigurationDelegate : Finished Spring Data repository scanning in 35 ms. Found 18 JPA repository interfaces.
2025-11-04T23:57:16.978Z  INFO 445980 --- [greedy_cars] [  restartedMain] o.s.b.w.embedded.tomcat.TomcatWebServer  : Tomcat initialized with port 9000 (http)
2025-11-04T23:57:16.979Z  INFO 445980 --- [greedy_cars] [  restartedMain] o.apache.catalina.core.StandardService   : Starting service [Tomcat]
2025-11-04T23:57:16.979Z  INFO 445980 --- [greedy_cars] [  restartedMain] o.apache.catalina.core.StandardEngine    : Starting Servlet engine: [Apache Tomcat/10.1.44]
2025-11-04T23:57:16.986Z  INFO 445980 --- [greedy_cars] [  restartedMain] o.a.c.c.C.[Tomcat].[localhost].[/]       : Initializing Spring embedded WebApplicationContext
2025-11-04T23:57:16.986Z  INFO 445980 --- [greedy_cars] [  restartedMain] w.s.c.ServletWebServerApplicationContext : Root WebApplicationContext: initialization completed in 321 ms
2025-11-04T23:57:17.021Z  INFO 445980 --- [greedy_cars] [  restartedMain] o.hibernate.jpa.internal.util.LogHelper  : HHH000204: Processing PersistenceUnitInfo [name: default]
2025-11-04T23:57:17.023Z  INFO 445980 --- [greedy_cars] [  restartedMain] o.h.c.internal.RegionFactoryInitiator    : HHH000026: Second-level cache disabled
2025-11-04T23:57:17.029Z  INFO 445980 --- [greedy_cars] [  restartedMain] o.s.o.j.p.SpringPersistenceUnitInfo      : No LoadTimeWeaver setup: ignoring JPA class transformer
2025-11-04T23:57:17.029Z  INFO 445980 --- [greedy_cars] [  restartedMain] com.zaxxer.hikari.HikariDataSource       : HikariPool-8 - Starting...
2025-11-04T23:57:17.032Z  INFO 445980 --- [greedy_cars] [  restartedMain] com.zaxxer.hikari.pool.HikariPool        : HikariPool-8 - Added connection org.mariadb.jdbc.Connection@63076803
2025-11-04T23:57:17.032Z  INFO 445980 --- [greedy_cars] [  restartedMain] com.zaxxer.hikari.HikariDataSource       : HikariPool-8 - Start completed.
2025-11-04T23:57:17.033Z  WARN 445980 --- [greedy_cars] [  restartedMain] org.hibernate.dialect.Dialect            : HHH000511: The 10.3.39 version for [org.hibernate.dialect.MariaDBDialect] is no longer supported, hence certain features may not work properly. The minimum supported version is 10.4.0. Check the community dialects project for available legacy versions.
2025-11-04T23:57:17.033Z  WARN 445980 --- [greedy_cars] [  restartedMain] org.hibernate.orm.deprecation            : HHH90000025: MariaDBDialect does not need to be specified explicitly using 'hibernate.dialect' (remove the property setting and it will be selected by default)
2025-11-04T23:57:17.033Z  INFO 445980 --- [greedy_cars] [  restartedMain] org.hibernate.orm.connections.pooling    : HHH10001005: Database info:
	Database JDBC URL [Connecting through datasource 'HikariDataSource (HikariPool-8)']
	Database driver: undefined/unknown
	Database version: 10.3.39
	Autocommit mode: undefined/unknown
	Isolation level: undefined/unknown
	Minimum pool size: undefined/unknown
	Maximum pool size: undefined/unknown
2025-11-04T23:57:17.228Z  INFO 445980 --- [greedy_cars] [  restartedMain] o.h.e.t.j.p.i.JtaPlatformInitiator       : HHH000489: No JTA platform available (set 'hibernate.transaction.jta.platform' to enable JTA platform integration)
Hibernate: alter table contacto modify column tipo_contacto enum ('EMPRESA','LABORAL','PERSONAL') not null
Hibernate: alter table contacto_telefonico modify column tipo_telefono enum ('CELULAR','FIJO') not null
Hibernate: alter table documentacion modify column tipo_documentacion enum ('CARNET_DE_CONDUCIR','DOCUMENTO_IDENTIDAD') not null
Hibernate: alter table empleados modify column tipo_empleado enum ('ADMINISTRATIVO','JEFE')
Hibernate: alter table imagen modify column tipo_imagen enum ('PERSONA','VEHICULO') not null
Hibernate: alter table persona modify column tipo_documento enum ('CEDULA','DNI','LICENCIA','OTRO','PASAPORTE') not null
Hibernate: alter table usuario modify column rol enum ('ADMINISTRATIVO','CLIENTE','JEFE') not null
Hibernate: alter table vehiculo modify column estado_vehiculo enum ('ALQUILADO','DISPONIBLE') not null
2025-11-04T23:57:17.251Z  INFO 445980 --- [greedy_cars] [  restartedMain] j.LocalContainerEntityManagerFactoryBean : Initialized JPA EntityManagerFactory for persistence unit 'default'
2025-11-04T23:57:17.388Z  INFO 445980 --- [greedy_cars] [  restartedMain] eAuthenticationProviderManagerConfigurer : Global AuthenticationManager configured with AuthenticationProvider bean with name authenticationProvider
2025-11-04T23:57:17.388Z  WARN 445980 --- [greedy_cars] [  restartedMain] r$InitializeUserDetailsManagerConfigurer : Global AuthenticationManager configured with an AuthenticationProvider bean. UserDetailsService beans will not be used by Spring Security for automatically configuring username/password login. Consider removing the AuthenticationProvider bean. Alternatively, consider using the UserDetailsService in a manually instantiated DaoAuthenticationProvider. If the current configuration is intentional, to turn off this warning, increase the logging level of 'org.springframework.security.config.annotation.authentication.configuration.InitializeUserDetailsBeanManagerConfigurer' to ERROR
2025-11-04T23:57:17.623Z  WARN 445980 --- [greedy_cars] [  restartedMain] JpaBaseConfiguration$JpaWebConfiguration : spring.jpa.open-in-view is enabled by default. Therefore, database queries may be performed during view rendering. Explicitly configure spring.jpa.open-in-view to disable this warning
2025-11-04T23:57:17.729Z DEBUG 445980 --- [greedy_cars] [  restartedMain] o.s.s.web.DefaultSecurityFilterChain     : Will secure any request with filters: DisableEncodeUrlFilter, WebAsyncManagerIntegrationFilter, SecurityContextHolderFilter, HeaderWriterFilter, CorsFilter, LogoutFilter, JwtAuthenticationFilter, RequestCacheAwareFilter, SecurityContextHolderAwareRequestFilter, AnonymousAuthenticationFilter, SessionManagementFilter, ExceptionTranslationFilter, AuthorizationFilter
2025-11-04T23:57:17.778Z  INFO 445980 --- [greedy_cars] [  restartedMain] o.s.b.a.h2.H2ConsoleAutoConfiguration    : H2 console available at '/h2-console'. Database available at 'jdbc:mariadb://localhost:3307/greedy_cars_db?user=greedy_cars&password=***&useUnicode=true&serverTimezone=America/Argentina/Mendoza&characterEncoding=utf8'
2025-11-04T23:57:22.182Z  INFO 445980 --- [greedy_cars] [  restartedMain] o.s.b.d.a.OptionalLiveReloadServer       : LiveReload server is running on port 35729
2025-11-04T23:57:22.194Z  INFO 445980 --- [greedy_cars] [  restartedMain] o.s.b.w.embedded.tomcat.TomcatWebServer  : Tomcat started on port 9000 (http) with context path '/'
2025-11-04T23:57:22.201Z  INFO 445980 --- [greedy_cars] [  restartedMain] c.u.greedy_cars.GreedyCarsApplication    : Started GreedyCarsApplication in 5.556 seconds (process running for 998.321)
Hibernate: select u1_0.id from usuario u1_0 where u1_0.nombre_usuario=? and not(u1_0.eliminado) limit ?
ℹ️  Usuario administrador ya existe en la base de datos
2025-11-04T23:57:22.228Z  INFO 445980 --- [greedy_cars] [  restartedMain] .ConditionEvaluationDeltaLoggingListener : Condition evaluation unchanged
2025-11-05T00:02:31.422Z  INFO 445980 --- [greedy_cars] [   File Watcher] rtingClassPathChangeChangedEventListener : Restarting due to 3 class path changes (0 additions, 0 deletions, 3 modifications)
2025-11-05T00:02:31.424Z  INFO 445980 --- [greedy_cars] [      Thread-32] o.s.b.w.e.tomcat.GracefulShutdown        : Commencing graceful shutdown. Waiting for active requests to complete
2025-11-05T00:02:31.424Z  INFO 445980 --- [greedy_cars] [tomcat-shutdown] o.s.b.w.e.tomcat.GracefulShutdown        : Graceful shutdown complete
2025-11-05T00:02:31.427Z  INFO 445980 --- [greedy_cars] [      Thread-32] j.LocalContainerEntityManagerFactoryBean : Closing JPA EntityManagerFactory for persistence unit 'default'
2025-11-05T00:02:31.428Z  INFO 445980 --- [greedy_cars] [      Thread-32] com.zaxxer.hikari.HikariDataSource       : HikariPool-8 - Shutdown initiated...
2025-11-05T00:02:31.430Z  INFO 445980 --- [greedy_cars] [      Thread-32] com.zaxxer.hikari.HikariDataSource       : HikariPool-8 - Shutdown completed.

  .   ____          _            __ _ _
 /\\ / ___'_ __ _ _(_)_ __  __ _ \ \ \ \
( ( )\___ | '_ | '_| | '_ \/ _` | \ \ \ \
 \\/  ___)| |_)| | | | | || (_| |  ) ) ) )
  '  |____| .__|_| |_|_| |_\__, | / / / /
 =========|_|==============|___/=/_/_/_/

 :: Spring Boot ::                (v3.5.5)

2025-11-05T00:02:31.535Z  INFO 445980 --- [greedy_cars] [  restartedMain] c.u.greedy_cars.GreedyCarsApplication    : Starting GreedyCarsApplication using Java 17.0.15 with PID 445980 (/srv/greedy/ingSoftII/SCRUM/integrador/greedy_cars/target/classes started by juli in /srv/greedy/ingSoftII/SCRUM/integrador/greedy_cars)
2025-11-05T00:02:31.535Z  INFO 445980 --- [greedy_cars] [  restartedMain] c.u.greedy_cars.GreedyCarsApplication    : No active profile set, falling back to 1 default profile: "default"
2025-11-05T00:02:31.705Z  INFO 445980 --- [greedy_cars] [  restartedMain] .s.d.r.c.RepositoryConfigurationDelegate : Bootstrapping Spring Data JPA repositories in DEFAULT mode.
2025-11-05T00:02:31.742Z  INFO 445980 --- [greedy_cars] [  restartedMain] .s.d.r.c.RepositoryConfigurationDelegate : Finished Spring Data repository scanning in 36 ms. Found 18 JPA repository interfaces.
2025-11-05T00:02:31.855Z  INFO 445980 --- [greedy_cars] [  restartedMain] o.s.b.w.embedded.tomcat.TomcatWebServer  : Tomcat initialized with port 9000 (http)
2025-11-05T00:02:31.855Z  INFO 445980 --- [greedy_cars] [  restartedMain] o.apache.catalina.core.StandardService   : Starting service [Tomcat]
2025-11-05T00:02:31.855Z  INFO 445980 --- [greedy_cars] [  restartedMain] o.apache.catalina.core.StandardEngine    : Starting Servlet engine: [Apache Tomcat/10.1.44]
2025-11-05T00:02:31.862Z  INFO 445980 --- [greedy_cars] [  restartedMain] o.a.c.c.C.[Tomcat].[localhost].[/]       : Initializing Spring embedded WebApplicationContext
2025-11-05T00:02:31.863Z  INFO 445980 --- [greedy_cars] [  restartedMain] w.s.c.ServletWebServerApplicationContext : Root WebApplicationContext: initialization completed in 327 ms
2025-11-05T00:02:31.898Z  INFO 445980 --- [greedy_cars] [  restartedMain] o.hibernate.jpa.internal.util.LogHelper  : HHH000204: Processing PersistenceUnitInfo [name: default]
2025-11-05T00:02:31.900Z  INFO 445980 --- [greedy_cars] [  restartedMain] o.h.c.internal.RegionFactoryInitiator    : HHH000026: Second-level cache disabled
2025-11-05T00:02:31.906Z  INFO 445980 --- [greedy_cars] [  restartedMain] o.s.o.j.p.SpringPersistenceUnitInfo      : No LoadTimeWeaver setup: ignoring JPA class transformer
2025-11-05T00:02:31.907Z  INFO 445980 --- [greedy_cars] [  restartedMain] com.zaxxer.hikari.HikariDataSource       : HikariPool-9 - Starting...
2025-11-05T00:02:31.910Z  INFO 445980 --- [greedy_cars] [  restartedMain] com.zaxxer.hikari.pool.HikariPool        : HikariPool-9 - Added connection org.mariadb.jdbc.Connection@58f3d63a
2025-11-05T00:02:31.910Z  INFO 445980 --- [greedy_cars] [  restartedMain] com.zaxxer.hikari.HikariDataSource       : HikariPool-9 - Start completed.
2025-11-05T00:02:31.911Z  WARN 445980 --- [greedy_cars] [  restartedMain] org.hibernate.dialect.Dialect            : HHH000511: The 10.3.39 version for [org.hibernate.dialect.MariaDBDialect] is no longer supported, hence certain features may not work properly. The minimum supported version is 10.4.0. Check the community dialects project for available legacy versions.
2025-11-05T00:02:31.911Z  WARN 445980 --- [greedy_cars] [  restartedMain] org.hibernate.orm.deprecation            : HHH90000025: MariaDBDialect does not need to be specified explicitly using 'hibernate.dialect' (remove the property setting and it will be selected by default)
2025-11-05T00:02:31.912Z  INFO 445980 --- [greedy_cars] [  restartedMain] org.hibernate.orm.connections.pooling    : HHH10001005: Database info:
	Database JDBC URL [Connecting through datasource 'HikariDataSource (HikariPool-9)']
	Database driver: undefined/unknown
	Database version: 10.3.39
	Autocommit mode: undefined/unknown
	Isolation level: undefined/unknown
	Minimum pool size: undefined/unknown
	Maximum pool size: undefined/unknown
2025-11-05T00:02:32.102Z  INFO 445980 --- [greedy_cars] [  restartedMain] o.h.e.t.j.p.i.JtaPlatformInitiator       : HHH000489: No JTA platform available (set 'hibernate.transaction.jta.platform' to enable JTA platform integration)
Hibernate: alter table contacto modify column tipo_contacto enum ('EMPRESA','LABORAL','PERSONAL') not null
Hibernate: alter table contacto_telefonico modify column tipo_telefono enum ('CELULAR','FIJO') not null
Hibernate: alter table documentacion modify column tipo_documentacion enum ('CARNET_DE_CONDUCIR','DOCUMENTO_IDENTIDAD') not null
Hibernate: alter table empleados modify column tipo_empleado enum ('ADMINISTRATIVO','JEFE')
Hibernate: alter table imagen modify column tipo_imagen enum ('PERSONA','VEHICULO') not null
Hibernate: alter table persona modify column tipo_documento enum ('CEDULA','DNI','LICENCIA','OTRO','PASAPORTE') not null
Hibernate: alter table usuario modify column rol enum ('ADMINISTRATIVO','CLIENTE','JEFE') not null
Hibernate: alter table vehiculo modify column estado_vehiculo enum ('ALQUILADO','DISPONIBLE') not null
2025-11-05T00:02:32.132Z  INFO 445980 --- [greedy_cars] [  restartedMain] j.LocalContainerEntityManagerFactoryBean : Initialized JPA EntityManagerFactory for persistence unit 'default'
2025-11-05T00:02:32.268Z  INFO 445980 --- [greedy_cars] [  restartedMain] eAuthenticationProviderManagerConfigurer : Global AuthenticationManager configured with AuthenticationProvider bean with name authenticationProvider
2025-11-05T00:02:32.268Z  WARN 445980 --- [greedy_cars] [  restartedMain] r$InitializeUserDetailsManagerConfigurer : Global AuthenticationManager configured with an AuthenticationProvider bean. UserDetailsService beans will not be used by Spring Security for automatically configuring username/password login. Consider removing the AuthenticationProvider bean. Alternatively, consider using the UserDetailsService in a manually instantiated DaoAuthenticationProvider. If the current configuration is intentional, to turn off this warning, increase the logging level of 'org.springframework.security.config.annotation.authentication.configuration.InitializeUserDetailsBeanManagerConfigurer' to ERROR
2025-11-05T00:02:32.490Z  WARN 445980 --- [greedy_cars] [  restartedMain] JpaBaseConfiguration$JpaWebConfiguration : spring.jpa.open-in-view is enabled by default. Therefore, database queries may be performed during view rendering. Explicitly configure spring.jpa.open-in-view to disable this warning
2025-11-05T00:02:32.591Z DEBUG 445980 --- [greedy_cars] [  restartedMain] o.s.s.web.DefaultSecurityFilterChain     : Will secure any request with filters: DisableEncodeUrlFilter, WebAsyncManagerIntegrationFilter, SecurityContextHolderFilter, HeaderWriterFilter, CorsFilter, LogoutFilter, JwtAuthenticationFilter, RequestCacheAwareFilter, SecurityContextHolderAwareRequestFilter, AnonymousAuthenticationFilter, SessionManagementFilter, ExceptionTranslationFilter, AuthorizationFilter
2025-11-05T00:02:32.637Z  INFO 445980 --- [greedy_cars] [  restartedMain] o.s.b.a.h2.H2ConsoleAutoConfiguration    : H2 console available at '/h2-console'. Database available at 'jdbc:mariadb://localhost:3307/greedy_cars_db?user=greedy_cars&password=***&useUnicode=true&serverTimezone=America/Argentina/Mendoza&characterEncoding=utf8'
2025-11-05T00:02:33.938Z  INFO 445980 --- [greedy_cars] [  restartedMain] o.s.b.d.a.OptionalLiveReloadServer       : LiveReload server is running on port 35729
2025-11-05T00:02:33.950Z  INFO 445980 --- [greedy_cars] [  restartedMain] o.s.b.w.embedded.tomcat.TomcatWebServer  : Tomcat started on port 9000 (http) with context path '/'
2025-11-05T00:02:33.957Z  INFO 445980 --- [greedy_cars] [  restartedMain] c.u.greedy_cars.GreedyCarsApplication    : Started GreedyCarsApplication in 2.44 seconds (process running for 1310.077)
Hibernate: select u1_0.id from usuario u1_0 where u1_0.nombre_usuario=? and not(u1_0.eliminado) limit ?
ℹ️  Usuario administrador ya existe en la base de datos
2025-11-05T00:02:33.982Z  INFO 445980 --- [greedy_cars] [  restartedMain] .ConditionEvaluationDeltaLoggingListener : Condition evaluation unchanged
2025-11-05T00:06:16.943Z  INFO 445980 --- [greedy_cars] [   File Watcher] rtingClassPathChangeChangedEventListener : Restarting due to 3 class path changes (0 additions, 1 deletion, 2 modifications)
2025-11-05T00:06:16.945Z  INFO 445980 --- [greedy_cars] [      Thread-36] o.s.b.w.e.tomcat.GracefulShutdown        : Commencing graceful shutdown. Waiting for active requests to complete
2025-11-05T00:06:16.946Z  INFO 445980 --- [greedy_cars] [tomcat-shutdown] o.s.b.w.e.tomcat.GracefulShutdown        : Graceful shutdown complete
2025-11-05T00:06:16.949Z  INFO 445980 --- [greedy_cars] [      Thread-36] j.LocalContainerEntityManagerFactoryBean : Closing JPA EntityManagerFactory for persistence unit 'default'
2025-11-05T00:06:16.950Z  INFO 445980 --- [greedy_cars] [      Thread-36] com.zaxxer.hikari.HikariDataSource       : HikariPool-9 - Shutdown initiated...
2025-11-05T00:06:16.951Z  INFO 445980 --- [greedy_cars] [      Thread-36] com.zaxxer.hikari.HikariDataSource       : HikariPool-9 - Shutdown completed.

  .   ____          _            __ _ _
 /\\ / ___'_ __ _ _(_)_ __  __ _ \ \ \ \
( ( )\___ | '_ | '_| | '_ \/ _` | \ \ \ \
 \\/  ___)| |_)| | | | | || (_| |  ) ) ) )
  '  |____| .__|_| |_|_| |_\__, | / / / /
 =========|_|==============|___/=/_/_/_/

 :: Spring Boot ::                (v3.5.5)

2025-11-05T00:06:17.098Z  INFO 445980 --- [greedy_cars] [  restartedMain] c.u.greedy_cars.GreedyCarsApplication    : Starting GreedyCarsApplication using Java 17.0.15 with PID 445980 (/srv/greedy/ingSoftII/SCRUM/integrador/greedy_cars/target/classes started by juli in /srv/greedy/ingSoftII/SCRUM/integrador/greedy_cars)
2025-11-05T00:06:17.098Z  INFO 445980 --- [greedy_cars] [  restartedMain] c.u.greedy_cars.GreedyCarsApplication    : No active profile set, falling back to 1 default profile: "default"
2025-11-05T00:06:17.277Z  INFO 445980 --- [greedy_cars] [  restartedMain] .s.d.r.c.RepositoryConfigurationDelegate : Bootstrapping Spring Data JPA repositories in DEFAULT mode.
2025-11-05T00:06:17.314Z  INFO 445980 --- [greedy_cars] [  restartedMain] .s.d.r.c.RepositoryConfigurationDelegate : Finished Spring Data repository scanning in 35 ms. Found 18 JPA repository interfaces.
2025-11-05T00:06:17.441Z  INFO 445980 --- [greedy_cars] [  restartedMain] o.s.b.w.embedded.tomcat.TomcatWebServer  : Tomcat initialized with port 9000 (http)
2025-11-05T00:06:17.442Z  INFO 445980 --- [greedy_cars] [  restartedMain] o.apache.catalina.core.StandardService   : Starting service [Tomcat]
2025-11-05T00:06:17.442Z  INFO 445980 --- [greedy_cars] [  restartedMain] o.apache.catalina.core.StandardEngine    : Starting Servlet engine: [Apache Tomcat/10.1.44]
2025-11-05T00:06:17.449Z  INFO 445980 --- [greedy_cars] [  restartedMain] o.a.c.c.C.[Tomcat].[localhost].[/]       : Initializing Spring embedded WebApplicationContext
2025-11-05T00:06:17.449Z  INFO 445980 --- [greedy_cars] [  restartedMain] w.s.c.ServletWebServerApplicationContext : Root WebApplicationContext: initialization completed in 349 ms
2025-11-05T00:06:17.489Z  INFO 445980 --- [greedy_cars] [  restartedMain] o.hibernate.jpa.internal.util.LogHelper  : HHH000204: Processing PersistenceUnitInfo [name: default]
2025-11-05T00:06:17.491Z  INFO 445980 --- [greedy_cars] [  restartedMain] o.h.c.internal.RegionFactoryInitiator    : HHH000026: Second-level cache disabled
2025-11-05T00:06:17.498Z  INFO 445980 --- [greedy_cars] [  restartedMain] o.s.o.j.p.SpringPersistenceUnitInfo      : No LoadTimeWeaver setup: ignoring JPA class transformer
2025-11-05T00:06:17.499Z  INFO 445980 --- [greedy_cars] [  restartedMain] com.zaxxer.hikari.HikariDataSource       : HikariPool-10 - Starting...
2025-11-05T00:06:17.502Z  INFO 445980 --- [greedy_cars] [  restartedMain] com.zaxxer.hikari.pool.HikariPool        : HikariPool-10 - Added connection org.mariadb.jdbc.Connection@484268f9
2025-11-05T00:06:17.502Z  INFO 445980 --- [greedy_cars] [  restartedMain] com.zaxxer.hikari.HikariDataSource       : HikariPool-10 - Start completed.
2025-11-05T00:06:17.503Z  WARN 445980 --- [greedy_cars] [  restartedMain] org.hibernate.dialect.Dialect            : HHH000511: The 10.3.39 version for [org.hibernate.dialect.MariaDBDialect] is no longer supported, hence certain features may not work properly. The minimum supported version is 10.4.0. Check the community dialects project for available legacy versions.
2025-11-05T00:06:17.503Z  WARN 445980 --- [greedy_cars] [  restartedMain] org.hibernate.orm.deprecation            : HHH90000025: MariaDBDialect does not need to be specified explicitly using 'hibernate.dialect' (remove the property setting and it will be selected by default)
2025-11-05T00:06:17.504Z  INFO 445980 --- [greedy_cars] [  restartedMain] org.hibernate.orm.connections.pooling    : HHH10001005: Database info:
	Database JDBC URL [Connecting through datasource 'HikariDataSource (HikariPool-10)']
	Database driver: undefined/unknown
	Database version: 10.3.39
	Autocommit mode: undefined/unknown
	Isolation level: undefined/unknown
	Minimum pool size: undefined/unknown
	Maximum pool size: undefined/unknown
2025-11-05T00:06:17.689Z  INFO 445980 --- [greedy_cars] [  restartedMain] o.h.e.t.j.p.i.JtaPlatformInitiator       : HHH000489: No JTA platform available (set 'hibernate.transaction.jta.platform' to enable JTA platform integration)
Hibernate: alter table contacto modify column tipo_contacto enum ('EMPRESA','LABORAL','PERSONAL') not null
Hibernate: alter table contacto_telefonico modify column tipo_telefono enum ('CELULAR','FIJO') not null
Hibernate: alter table documentacion modify column tipo_documentacion enum ('CARNET_DE_CONDUCIR','DOCUMENTO_IDENTIDAD') not null
Hibernate: alter table empleados modify column tipo_empleado enum ('ADMINISTRATIVO','JEFE')
Hibernate: alter table imagen modify column tipo_imagen enum ('PERSONA','VEHICULO') not null
Hibernate: alter table persona modify column tipo_documento enum ('CEDULA','DNI','LICENCIA','OTRO','PASAPORTE') not null
Hibernate: alter table usuario modify column rol enum ('ADMINISTRATIVO','CLIENTE','JEFE') not null
Hibernate: alter table vehiculo modify column estado_vehiculo enum ('ALQUILADO','DISPONIBLE') not null
2025-11-05T00:06:17.712Z  INFO 445980 --- [greedy_cars] [  restartedMain] j.LocalContainerEntityManagerFactoryBean : Initialized JPA EntityManagerFactory for persistence unit 'default'
2025-11-05T00:06:17.849Z  INFO 445980 --- [greedy_cars] [  restartedMain] eAuthenticationProviderManagerConfigurer : Global AuthenticationManager configured with AuthenticationProvider bean with name authenticationProvider
2025-11-05T00:06:17.850Z  WARN 445980 --- [greedy_cars] [  restartedMain] r$InitializeUserDetailsManagerConfigurer : Global AuthenticationManager configured with an AuthenticationProvider bean. UserDetailsService beans will not be used by Spring Security for automatically configuring username/password login. Consider removing the AuthenticationProvider bean. Alternatively, consider using the UserDetailsService in a manually instantiated DaoAuthenticationProvider. If the current configuration is intentional, to turn off this warning, increase the logging level of 'org.springframework.security.config.annotation.authentication.configuration.InitializeUserDetailsBeanManagerConfigurer' to ERROR
2025-11-05T00:06:17.950Z  WARN 445980 --- [greedy_cars] [  restartedMain] ConfigServletWebServerApplicationContext : Exception encountered during context initialization - cancelling refresh attempt: org.springframework.beans.factory.UnsatisfiedDependencyException: Error creating bean with name 'imagenController' defined in file [/srv/greedy/ingSoftII/SCRUM/integrador/greedy_cars/target/classes/com/uncuyo/greedy_cars/shared/template/controller/ImagenController.class]: Unsatisfied dependency expressed through constructor parameter 0: Error creating bean with name 'imagenService': Lookup method resolution failed
2025-11-05T00:06:17.951Z  INFO 445980 --- [greedy_cars] [  restartedMain] j.LocalContainerEntityManagerFactoryBean : Closing JPA EntityManagerFactory for persistence unit 'default'
2025-11-05T00:06:17.951Z  INFO 445980 --- [greedy_cars] [  restartedMain] com.zaxxer.hikari.HikariDataSource       : HikariPool-10 - Shutdown initiated...
2025-11-05T00:06:17.953Z  INFO 445980 --- [greedy_cars] [  restartedMain] com.zaxxer.hikari.HikariDataSource       : HikariPool-10 - Shutdown completed.
2025-11-05T00:06:17.953Z  INFO 445980 --- [greedy_cars] [  restartedMain] o.apache.catalina.core.StandardService   : Stopping service [Tomcat]
2025-11-05T00:06:17.960Z  INFO 445980 --- [greedy_cars] [  restartedMain] .s.b.a.l.ConditionEvaluationReportLogger : 

Error starting ApplicationContext. To display the condition evaluation report re-run your application with 'debug' enabled.
2025-11-05T00:06:17.977Z ERROR 445980 --- [greedy_cars] [  restartedMain] o.s.boot.SpringApplication               : Application run failed

org.springframework.beans.factory.UnsatisfiedDependencyException: Error creating bean with name 'imagenController' defined in file [/srv/greedy/ingSoftII/SCRUM/integrador/greedy_cars/target/classes/com/uncuyo/greedy_cars/shared/template/controller/ImagenController.class]: Unsatisfied dependency expressed through constructor parameter 0: Error creating bean with name 'imagenService': Lookup method resolution failed
	at org.springframework.beans.factory.support.ConstructorResolver.createArgumentArray(ConstructorResolver.java:804) ~[spring-beans-6.2.10.jar:6.2.10]
	at org.springframework.beans.factory.support.ConstructorResolver.autowireConstructor(ConstructorResolver.java:240) ~[spring-beans-6.2.10.jar:6.2.10]
	at org.springframework.beans.factory.support.AbstractAutowireCapableBeanFactory.autowireConstructor(AbstractAutowireCapableBeanFactory.java:1395) ~[spring-beans-6.2.10.jar:6.2.10]
	at org.springframework.beans.factory.support.AbstractAutowireCapableBeanFactory.createBeanInstance(AbstractAutowireCapableBeanFactory.java:1232) ~[spring-beans-6.2.10.jar:6.2.10]
	at org.springframework.beans.factory.support.AbstractAutowireCapableBeanFactory.doCreateBean(AbstractAutowireCapableBeanFactory.java:569) ~[spring-beans-6.2.10.jar:6.2.10]
	at org.springframework.beans.factory.support.AbstractAutowireCapableBeanFactory.createBean(AbstractAutowireCapableBeanFactory.java:529) ~[spring-beans-6.2.10.jar:6.2.10]
	at org.springframework.beans.factory.support.AbstractBeanFactory.lambda$doGetBean$0(AbstractBeanFactory.java:339) ~[spring-beans-6.2.10.jar:6.2.10]
	at org.springframework.beans.factory.support.DefaultSingletonBeanRegistry.getSingleton(DefaultSingletonBeanRegistry.java:373) ~[spring-beans-6.2.10.jar:6.2.10]
	at org.springframework.beans.factory.support.AbstractBeanFactory.doGetBean(AbstractBeanFactory.java:337) ~[spring-beans-6.2.10.jar:6.2.10]
	at org.springframework.beans.factory.support.AbstractBeanFactory.getBean(AbstractBeanFactory.java:202) ~[spring-beans-6.2.10.jar:6.2.10]
	at org.springframework.beans.factory.support.DefaultListableBeanFactory.instantiateSingleton(DefaultListableBeanFactory.java:1222) ~[spring-beans-6.2.10.jar:6.2.10]
	at org.springframework.beans.factory.support.DefaultListableBeanFactory.preInstantiateSingleton(DefaultListableBeanFactory.java:1188) ~[spring-beans-6.2.10.jar:6.2.10]
	at org.springframework.beans.factory.support.DefaultListableBeanFactory.preInstantiateSingletons(DefaultListableBeanFactory.java:1123) ~[spring-beans-6.2.10.jar:6.2.10]
	at org.springframework.context.support.AbstractApplicationContext.finishBeanFactoryInitialization(AbstractApplicationContext.java:987) ~[spring-context-6.2.10.jar:6.2.10]
	at org.springframework.context.support.AbstractApplicationContext.refresh(AbstractApplicationContext.java:627) ~[spring-context-6.2.10.jar:6.2.10]
	at org.springframework.boot.web.servlet.context.ServletWebServerApplicationContext.refresh(ServletWebServerApplicationContext.java:146) ~[spring-boot-3.5.5.jar:3.5.5]
	at org.springframework.boot.SpringApplication.refresh(SpringApplication.java:752) ~[spring-boot-3.5.5.jar:3.5.5]
	at org.springframework.boot.SpringApplication.refreshContext(SpringApplication.java:439) ~[spring-boot-3.5.5.jar:3.5.5]
	at org.springframework.boot.SpringApplication.run(SpringApplication.java:318) ~[spring-boot-3.5.5.jar:3.5.5]
	at org.springframework.boot.SpringApplication.run(SpringApplication.java:1361) ~[spring-boot-3.5.5.jar:3.5.5]
	at org.springframework.boot.SpringApplication.run(SpringApplication.java:1350) ~[spring-boot-3.5.5.jar:3.5.5]
	at com.uncuyo.greedy_cars.GreedyCarsApplication.main(GreedyCarsApplication.java:10) ~[classes/:na]
	at java.base/jdk.internal.reflect.NativeMethodAccessorImpl.invoke0(Native Method) ~[na:na]
	at java.base/jdk.internal.reflect.NativeMethodAccessorImpl.invoke(NativeMethodAccessorImpl.java:77) ~[na:na]
	at java.base/jdk.internal.reflect.DelegatingMethodAccessorImpl.invoke(DelegatingMethodAccessorImpl.java:43) ~[na:na]
	at java.base/java.lang.reflect.Method.invoke(Method.java:569) ~[na:na]
	at org.springframework.boot.devtools.restart.RestartLauncher.run(RestartLauncher.java:50) ~[spring-boot-devtools-3.5.5.jar:3.5.5]
Caused by: org.springframework.beans.factory.BeanCreationException: Error creating bean with name 'imagenService': Lookup method resolution failed
	at org.springframework.beans.factory.annotation.AutowiredAnnotationBeanPostProcessor.checkLookupMethods(AutowiredAnnotationBeanPostProcessor.java:498) ~[spring-beans-6.2.10.jar:6.2.10]
	at org.springframework.beans.factory.annotation.AutowiredAnnotationBeanPostProcessor.determineCandidateConstructors(AutowiredAnnotationBeanPostProcessor.java:368) ~[spring-beans-6.2.10.jar:6.2.10]
	at org.springframework.beans.factory.support.AbstractAutowireCapableBeanFactory.determineConstructorsFromBeanPostProcessors(AbstractAutowireCapableBeanFactory.java:1334) ~[spring-beans-6.2.10.jar:6.2.10]
	at org.springframework.beans.factory.support.AbstractAutowireCapableBeanFactory.createBeanInstance(AbstractAutowireCapableBeanFactory.java:1229) ~[spring-beans-6.2.10.jar:6.2.10]
	at org.springframework.beans.factory.support.AbstractAutowireCapableBeanFactory.doCreateBean(AbstractAutowireCapableBeanFactory.java:569) ~[spring-beans-6.2.10.jar:6.2.10]
	at org.springframework.beans.factory.support.AbstractAutowireCapableBeanFactory.createBean(AbstractAutowireCapableBeanFactory.java:529) ~[spring-beans-6.2.10.jar:6.2.10]
	at org.springframework.beans.factory.support.AbstractBeanFactory.lambda$doGetBean$0(AbstractBeanFactory.java:339) ~[spring-beans-6.2.10.jar:6.2.10]
	at org.springframework.beans.factory.support.DefaultSingletonBeanRegistry.getSingleton(DefaultSingletonBeanRegistry.java:373) ~[spring-beans-6.2.10.jar:6.2.10]
	at org.springframework.beans.factory.support.AbstractBeanFactory.doGetBean(AbstractBeanFactory.java:337) ~[spring-beans-6.2.10.jar:6.2.10]
	at org.springframework.beans.factory.support.AbstractBeanFactory.getBean(AbstractBeanFactory.java:202) ~[spring-beans-6.2.10.jar:6.2.10]
	at org.springframework.beans.factory.support.DefaultListableBeanFactory.doResolveDependency(DefaultListableBeanFactory.java:1690) ~[spring-beans-6.2.10.jar:6.2.10]
	at org.springframework.beans.factory.support.DefaultListableBeanFactory.resolveDependency(DefaultListableBeanFactory.java:1635) ~[spring-beans-6.2.10.jar:6.2.10]
	at org.springframework.beans.factory.support.ConstructorResolver.resolveAutowiredArgument(ConstructorResolver.java:913) ~[spring-beans-6.2.10.jar:6.2.10]
	at org.springframework.beans.factory.support.ConstructorResolver.createArgumentArray(ConstructorResolver.java:791) ~[spring-beans-6.2.10.jar:6.2.10]
	... 26 common frames omitted
Caused by: java.lang.IllegalStateException: Failed to introspect Class [com.uncuyo.greedy_cars.shared.template.service.ImagenService] from ClassLoader [org.springframework.boot.devtools.restart.classloader.RestartClassLoader@21023e80]
	at org.springframework.util.ReflectionUtils.getDeclaredMethods(ReflectionUtils.java:483) ~[spring-core-6.2.10.jar:6.2.10]
	at org.springframework.util.ReflectionUtils.doWithLocalMethods(ReflectionUtils.java:320) ~[spring-core-6.2.10.jar:6.2.10]
	at org.springframework.beans.factory.annotation.AutowiredAnnotationBeanPostProcessor.checkLookupMethods(AutowiredAnnotationBeanPostProcessor.java:476) ~[spring-beans-6.2.10.jar:6.2.10]
	... 39 common frames omitted
Caused by: java.lang.NoClassDefFoundError: ImagenEntity
	at java.base/java.lang.Class.getDeclaredMethods0(Native Method) ~[na:na]
	at java.base/java.lang.Class.privateGetDeclaredMethods(Class.java:3402) ~[na:na]
	at java.base/java.lang.Class.getDeclaredMethods(Class.java:2504) ~[na:na]
	at org.springframework.util.ReflectionUtils.getDeclaredMethods(ReflectionUtils.java:465) ~[spring-core-6.2.10.jar:6.2.10]
	... 41 common frames omitted
Caused by: java.lang.ClassNotFoundException: ImagenEntity
	at java.base/jdk.internal.loader.BuiltinClassLoader.loadClass(BuiltinClassLoader.java:641) ~[na:na]
	at java.base/jdk.internal.loader.ClassLoaders$AppClassLoader.loadClass(ClassLoaders.java:188) ~[na:na]
	at java.base/java.lang.ClassLoader.loadClass(ClassLoader.java:525) ~[na:na]
	at java.base/java.lang.Class.forName0(Native Method) ~[na:na]
	at java.base/java.lang.Class.forName(Class.java:467) ~[na:na]
	at org.springframework.boot.devtools.restart.classloader.RestartClassLoader.loadClass(RestartClassLoader.java:121) ~[spring-boot-devtools-3.5.5.jar:3.5.5]
	at java.base/java.lang.ClassLoader.loadClass(ClassLoader.java:525) ~[na:na]
	... 45 common frames omitted


  .   ____          _            __ _ _
 /\\ / ___'_ __ _ _(_)_ __  __ _ \ \ \ \
( ( )\___ | '_ | '_| | '_ \/ _` | \ \ \ \
 \\/  ___)| |_)| | | | | || (_| |  ) ) ) )
  '  |____| .__|_| |_|_| |_\__, | / / / /
 =========|_|==============|___/=/_/_/_/

 :: Spring Boot ::                (v3.5.5)

2025-11-05T00:07:16.560Z  INFO 445980 --- [greedy_cars] [  restartedMain] c.u.greedy_cars.GreedyCarsApplication    : Starting GreedyCarsApplication using Java 17.0.15 with PID 445980 (/srv/greedy/ingSoftII/SCRUM/integrador/greedy_cars/target/classes started by juli in /srv/greedy/ingSoftII/SCRUM/integrador/greedy_cars)
2025-11-05T00:07:16.560Z  INFO 445980 --- [greedy_cars] [  restartedMain] c.u.greedy_cars.GreedyCarsApplication    : No active profile set, falling back to 1 default profile: "default"
2025-11-05T00:07:16.750Z  INFO 445980 --- [greedy_cars] [  restartedMain] .s.d.r.c.RepositoryConfigurationDelegate : Bootstrapping Spring Data JPA repositories in DEFAULT mode.
2025-11-05T00:07:16.791Z  INFO 445980 --- [greedy_cars] [  restartedMain] .s.d.r.c.RepositoryConfigurationDelegate : Finished Spring Data repository scanning in 40 ms. Found 18 JPA repository interfaces.
2025-11-05T00:07:16.903Z  INFO 445980 --- [greedy_cars] [  restartedMain] o.s.b.w.embedded.tomcat.TomcatWebServer  : Tomcat initialized with port 9000 (http)
2025-11-05T00:07:16.905Z  INFO 445980 --- [greedy_cars] [  restartedMain] o.apache.catalina.core.StandardService   : Starting service [Tomcat]
2025-11-05T00:07:16.905Z  INFO 445980 --- [greedy_cars] [  restartedMain] o.apache.catalina.core.StandardEngine    : Starting Servlet engine: [Apache Tomcat/10.1.44]
2025-11-05T00:07:16.912Z  INFO 445980 --- [greedy_cars] [  restartedMain] o.a.c.c.C.[Tomcat-1].[localhost].[/]     : Initializing Spring embedded WebApplicationContext
2025-11-05T00:07:16.912Z  INFO 445980 --- [greedy_cars] [  restartedMain] w.s.c.ServletWebServerApplicationContext : Root WebApplicationContext: initialization completed in 351 ms
2025-11-05T00:07:16.945Z  INFO 445980 --- [greedy_cars] [  restartedMain] o.hibernate.jpa.internal.util.LogHelper  : HHH000204: Processing PersistenceUnitInfo [name: default]
2025-11-05T00:07:16.947Z  INFO 445980 --- [greedy_cars] [  restartedMain] o.h.c.internal.RegionFactoryInitiator    : HHH000026: Second-level cache disabled
2025-11-05T00:07:16.953Z  INFO 445980 --- [greedy_cars] [  restartedMain] o.s.o.j.p.SpringPersistenceUnitInfo      : No LoadTimeWeaver setup: ignoring JPA class transformer
2025-11-05T00:07:16.954Z  INFO 445980 --- [greedy_cars] [  restartedMain] com.zaxxer.hikari.HikariDataSource       : HikariPool-11 - Starting...
2025-11-05T00:07:16.957Z  INFO 445980 --- [greedy_cars] [  restartedMain] com.zaxxer.hikari.pool.HikariPool        : HikariPool-11 - Added connection org.mariadb.jdbc.Connection@534f3079
2025-11-05T00:07:16.957Z  INFO 445980 --- [greedy_cars] [  restartedMain] com.zaxxer.hikari.HikariDataSource       : HikariPool-11 - Start completed.
2025-11-05T00:07:16.957Z  WARN 445980 --- [greedy_cars] [  restartedMain] org.hibernate.dialect.Dialect            : HHH000511: The 10.3.39 version for [org.hibernate.dialect.MariaDBDialect] is no longer supported, hence certain features may not work properly. The minimum supported version is 10.4.0. Check the community dialects project for available legacy versions.
2025-11-05T00:07:16.958Z  WARN 445980 --- [greedy_cars] [  restartedMain] org.hibernate.orm.deprecation            : HHH90000025: MariaDBDialect does not need to be specified explicitly using 'hibernate.dialect' (remove the property setting and it will be selected by default)
2025-11-05T00:07:16.958Z  INFO 445980 --- [greedy_cars] [  restartedMain] org.hibernate.orm.connections.pooling    : HHH10001005: Database info:
	Database JDBC URL [Connecting through datasource 'HikariDataSource (HikariPool-11)']
	Database driver: undefined/unknown
	Database version: 10.3.39
	Autocommit mode: undefined/unknown
	Isolation level: undefined/unknown
	Minimum pool size: undefined/unknown
	Maximum pool size: undefined/unknown
2025-11-05T00:07:17.136Z  INFO 445980 --- [greedy_cars] [  restartedMain] o.h.e.t.j.p.i.JtaPlatformInitiator       : HHH000489: No JTA platform available (set 'hibernate.transaction.jta.platform' to enable JTA platform integration)
Hibernate: alter table contacto modify column tipo_contacto enum ('EMPRESA','LABORAL','PERSONAL') not null
Hibernate: alter table contacto_telefonico modify column tipo_telefono enum ('CELULAR','FIJO') not null
Hibernate: alter table documentacion modify column tipo_documentacion enum ('CARNET_DE_CONDUCIR','DOCUMENTO_IDENTIDAD') not null
Hibernate: alter table empleados modify column tipo_empleado enum ('ADMINISTRATIVO','JEFE')
Hibernate: alter table imagen modify column tipo_imagen enum ('PERSONA','VEHICULO') not null
Hibernate: alter table persona modify column tipo_documento enum ('CEDULA','DNI','LICENCIA','OTRO','PASAPORTE') not null
Hibernate: alter table usuario modify column rol enum ('ADMINISTRATIVO','CLIENTE','JEFE') not null
Hibernate: alter table vehiculo modify column estado_vehiculo enum ('ALQUILADO','DISPONIBLE') not null
2025-11-05T00:07:17.157Z  INFO 445980 --- [greedy_cars] [  restartedMain] j.LocalContainerEntityManagerFactoryBean : Initialized JPA EntityManagerFactory for persistence unit 'default'
2025-11-05T00:07:17.292Z  INFO 445980 --- [greedy_cars] [  restartedMain] eAuthenticationProviderManagerConfigurer : Global AuthenticationManager configured with AuthenticationProvider bean with name authenticationProvider
2025-11-05T00:07:17.292Z  WARN 445980 --- [greedy_cars] [  restartedMain] r$InitializeUserDetailsManagerConfigurer : Global AuthenticationManager configured with an AuthenticationProvider bean. UserDetailsService beans will not be used by Spring Security for automatically configuring username/password login. Consider removing the AuthenticationProvider bean. Alternatively, consider using the UserDetailsService in a manually instantiated DaoAuthenticationProvider. If the current configuration is intentional, to turn off this warning, increase the logging level of 'org.springframework.security.config.annotation.authentication.configuration.InitializeUserDetailsBeanManagerConfigurer' to ERROR
2025-11-05T00:07:17.509Z  WARN 445980 --- [greedy_cars] [  restartedMain] JpaBaseConfiguration$JpaWebConfiguration : spring.jpa.open-in-view is enabled by default. Therefore, database queries may be performed during view rendering. Explicitly configure spring.jpa.open-in-view to disable this warning
2025-11-05T00:07:17.611Z DEBUG 445980 --- [greedy_cars] [  restartedMain] o.s.s.web.DefaultSecurityFilterChain     : Will secure any request with filters: DisableEncodeUrlFilter, WebAsyncManagerIntegrationFilter, SecurityContextHolderFilter, HeaderWriterFilter, CorsFilter, LogoutFilter, JwtAuthenticationFilter, RequestCacheAwareFilter, SecurityContextHolderAwareRequestFilter, AnonymousAuthenticationFilter, SessionManagementFilter, ExceptionTranslationFilter, AuthorizationFilter
2025-11-05T00:07:17.665Z  INFO 445980 --- [greedy_cars] [  restartedMain] o.s.b.a.h2.H2ConsoleAutoConfiguration    : H2 console available at '/h2-console'. Database available at 'jdbc:mariadb://localhost:3307/greedy_cars_db?user=greedy_cars&password=***&useUnicode=true&serverTimezone=America/Argentina/Mendoza&characterEncoding=utf8'
2025-11-05T00:07:19.159Z  INFO 445980 --- [greedy_cars] [  restartedMain] o.s.b.d.a.OptionalLiveReloadServer       : LiveReload server is running on port 35729
2025-11-05T00:07:19.173Z  INFO 445980 --- [greedy_cars] [  restartedMain] o.s.b.w.embedded.tomcat.TomcatWebServer  : Tomcat started on port 9000 (http) with context path '/'
2025-11-05T00:07:19.179Z  INFO 445980 --- [greedy_cars] [  restartedMain] c.u.greedy_cars.GreedyCarsApplication    : Started GreedyCarsApplication in 2.635 seconds (process running for 1595.299)
Hibernate: select u1_0.id from usuario u1_0 where u1_0.nombre_usuario=? and not(u1_0.eliminado) limit ?
ℹ️  Usuario administrador ya existe en la base de datos
2025-11-05T00:07:19.208Z  INFO 445980 --- [greedy_cars] [  restartedMain] .ConditionEvaluationDeltaLoggingListener : Condition evaluation unchanged
2025-11-05T00:07:33.594Z  INFO 445980 --- [greedy_cars] [   File Watcher] rtingClassPathChangeChangedEventListener : Restarting due to 139 class path changes (0 additions, 139 deletions, 0 modifications)
2025-11-05T00:07:33.596Z  INFO 445980 --- [greedy_cars] [      Thread-40] o.s.b.w.e.tomcat.GracefulShutdown        : Commencing graceful shutdown. Waiting for active requests to complete
2025-11-05T00:07:33.597Z  INFO 445980 --- [greedy_cars] [tomcat-shutdown] o.s.b.w.e.tomcat.GracefulShutdown        : Graceful shutdown complete
2025-11-05T00:07:33.600Z  INFO 445980 --- [greedy_cars] [      Thread-40] j.LocalContainerEntityManagerFactoryBean : Closing JPA EntityManagerFactory for persistence unit 'default'
2025-11-05T00:07:33.601Z  INFO 445980 --- [greedy_cars] [      Thread-40] com.zaxxer.hikari.HikariDataSource       : HikariPool-11 - Shutdown initiated...
2025-11-05T00:07:33.603Z  INFO 445980 --- [greedy_cars] [      Thread-40] com.zaxxer.hikari.HikariDataSource       : HikariPool-11 - Shutdown completed.

  .   ____          _            __ _ _
 /\\ / ___'_ __ _ _(_)_ __  __ _ \ \ \ \
( ( )\___ | '_ | '_| | '_ \/ _` | \ \ \ \
 \\/  ___)| |_)| | | | | || (_| |  ) ) ) )
  '  |____| .__|_| |_|_| |_\__, | / / / /
 =========|_|==============|___/=/_/_/_/

 :: Spring Boot ::                (v3.5.5)

2025-11-05T00:07:33.772Z  INFO 445980 --- [greedy_cars] [  restartedMain] c.u.greedy_cars.GreedyCarsApplication    : Starting GreedyCarsApplication using Java 17.0.15 with PID 445980 (started by juli in /srv/greedy/ingSoftII/SCRUM/integrador/greedy_cars)
2025-11-05T00:07:33.773Z  INFO 445980 --- [greedy_cars] [  restartedMain] c.u.greedy_cars.GreedyCarsApplication    : No active profile set, falling back to 1 default profile: "default"
2025-11-05T00:07:33.921Z  INFO 445980 --- [greedy_cars] [  restartedMain] .s.d.r.c.RepositoryConfigurationDelegate : Bootstrapping Spring Data JPA repositories in DEFAULT mode.
2025-11-05T00:07:33.923Z  INFO 445980 --- [greedy_cars] [  restartedMain] .s.d.r.c.RepositoryConfigurationDelegate : Finished Spring Data repository scanning in 0 ms. Found 0 JPA repository interfaces.
2025-11-05T00:07:34.024Z  INFO 445980 --- [greedy_cars] [  restartedMain] o.s.b.w.embedded.tomcat.TomcatWebServer  : Tomcat initialized with port 8080 (http)
2025-11-05T00:07:34.025Z  INFO 445980 --- [greedy_cars] [  restartedMain] o.apache.catalina.core.StandardService   : Starting service [Tomcat]
2025-11-05T00:07:34.025Z  INFO 445980 --- [greedy_cars] [  restartedMain] o.apache.catalina.core.StandardEngine    : Starting Servlet engine: [Apache Tomcat/10.1.44]
2025-11-05T00:07:34.036Z  INFO 445980 --- [greedy_cars] [  restartedMain] o.a.c.c.C.[Tomcat-1].[localhost].[/]     : Initializing Spring embedded WebApplicationContext
2025-11-05T00:07:34.037Z  INFO 445980 --- [greedy_cars] [  restartedMain] w.s.c.ServletWebServerApplicationContext : Root WebApplicationContext: initialization completed in 262 ms
2025-11-05T00:07:34.077Z  INFO 445980 --- [greedy_cars] [  restartedMain] com.zaxxer.hikari.HikariDataSource       : HikariPool-12 - Starting...
2025-11-05T00:07:34.080Z  INFO 445980 --- [greedy_cars] [  restartedMain] com.zaxxer.hikari.pool.HikariPool        : HikariPool-12 - Added connection conn10: url=jdbc:h2:mem:988fce93-1eb6-4796-977d-d06d3004c780 user=SA
2025-11-05T00:07:34.081Z  INFO 445980 --- [greedy_cars] [  restartedMain] com.zaxxer.hikari.HikariDataSource       : HikariPool-12 - Start completed.
2025-11-05T00:07:34.085Z  INFO 445980 --- [greedy_cars] [  restartedMain] o.hibernate.jpa.internal.util.LogHelper  : HHH000204: Processing PersistenceUnitInfo [name: default]
2025-11-05T00:07:34.087Z  INFO 445980 --- [greedy_cars] [  restartedMain] o.h.c.internal.RegionFactoryInitiator    : HHH000026: Second-level cache disabled
2025-11-05T00:07:34.092Z  INFO 445980 --- [greedy_cars] [  restartedMain] o.s.o.j.p.SpringPersistenceUnitInfo      : No LoadTimeWeaver setup: ignoring JPA class transformer
2025-11-05T00:07:34.094Z  INFO 445980 --- [greedy_cars] [  restartedMain] org.hibernate.orm.connections.pooling    : HHH10001005: Database info:
	Database JDBC URL [Connecting through datasource 'HikariDataSource (HikariPool-12)']
	Database driver: undefined/unknown
	Database version: 2.3.232
	Autocommit mode: undefined/unknown
	Isolation level: undefined/unknown
	Minimum pool size: undefined/unknown
	Maximum pool size: undefined/unknown
2025-11-05T00:07:34.108Z  INFO 445980 --- [greedy_cars] [  restartedMain] o.h.e.t.j.p.i.JtaPlatformInitiator       : HHH000489: No JTA platform available (set 'hibernate.transaction.jta.platform' to enable JTA platform integration)
2025-11-05T00:07:34.109Z  INFO 445980 --- [greedy_cars] [  restartedMain] j.LocalContainerEntityManagerFactoryBean : Initialized JPA EntityManagerFactory for persistence unit 'default'
2025-11-05T00:07:34.129Z  WARN 445980 --- [greedy_cars] [  restartedMain] JpaBaseConfiguration$JpaWebConfiguration : spring.jpa.open-in-view is enabled by default. Therefore, database queries may be performed during view rendering. Explicitly configure spring.jpa.open-in-view to disable this warning
2025-11-05T00:07:34.216Z  INFO 445980 --- [greedy_cars] [  restartedMain] o.s.b.a.h2.H2ConsoleAutoConfiguration    : H2 console available at '/h2-console'. Database available at 'jdbc:h2:mem:988fce93-1eb6-4796-977d-d06d3004c780'
2025-11-05T00:07:37.903Z  INFO 445980 --- [greedy_cars] [  restartedMain] o.s.b.d.a.OptionalLiveReloadServer       : LiveReload server is running on port 35729
2025-11-05T00:07:37.912Z  INFO 445980 --- [greedy_cars] [  restartedMain] o.s.b.w.embedded.tomcat.TomcatWebServer  : Tomcat started on port 8080 (http) with context path '/'
2025-11-05T00:07:37.917Z  INFO 445980 --- [greedy_cars] [  restartedMain] c.u.greedy_cars.GreedyCarsApplication    : Started GreedyCarsApplication in 4.169 seconds (process running for 1614.037)
2025-11-05T00:07:37.918Z  INFO 445980 --- [greedy_cars] [  restartedMain] .ConditionEvaluationDeltaLoggingListener : Condition evaluation unchanged
2025-11-05T00:07:42.516Z  INFO 445980 --- [greedy_cars] [   File Watcher] rtingClassPathChangeChangedEventListener : Restarting due to 91 class path changes (91 additions, 0 deletions, 0 modifications)
2025-11-05T00:07:42.517Z  INFO 445980 --- [greedy_cars] [      Thread-47] o.s.b.w.e.tomcat.GracefulShutdown        : Commencing graceful shutdown. Waiting for active requests to complete
2025-11-05T00:07:42.519Z  INFO 445980 --- [greedy_cars] [tomcat-shutdown] o.s.b.w.e.tomcat.GracefulShutdown        : Graceful shutdown complete
2025-11-05T00:07:42.520Z  INFO 445980 --- [greedy_cars] [      Thread-47] j.LocalContainerEntityManagerFactoryBean : Closing JPA EntityManagerFactory for persistence unit 'default'
2025-11-05T00:07:42.521Z  WARN 445980 --- [greedy_cars] [      Thread-47] o.s.b.f.support.DisposableBeanAdapter    : Invocation of destroy method failed on bean with name 'inMemoryDatabaseShutdownExecutor': org.h2.jdbc.JdbcSQLNonTransientConnectionException: Database is already closed (to disable automatic closing at VM shutdown, add ";DB_CLOSE_ON_EXIT=FALSE" to the db URL) [90121-232]
2025-11-05T00:07:42.521Z  INFO 445980 --- [greedy_cars] [      Thread-47] com.zaxxer.hikari.HikariDataSource       : HikariPool-12 - Shutdown initiated...
2025-11-05T00:07:42.522Z  INFO 445980 --- [greedy_cars] [      Thread-47] com.zaxxer.hikari.HikariDataSource       : HikariPool-12 - Shutdown completed.

  .   ____          _            __ _ _
 /\\ / ___'_ __ _ _(_)_ __  __ _ \ \ \ \
( ( )\___ | '_ | '_| | '_ \/ _` | \ \ \ \
 \\/  ___)| |_)| | | | | || (_| |  ) ) ) )
  '  |____| .__|_| |_|_| |_\__, | / / / /
 =========|_|==============|___/=/_/_/_/

 :: Spring Boot ::                (v3.5.5)

2025-11-05T00:07:42.626Z  INFO 445980 --- [greedy_cars] [  restartedMain] c.u.greedy_cars.GreedyCarsApplication    : Starting GreedyCarsApplication using Java 17.0.15 with PID 445980 (/srv/greedy/ingSoftII/SCRUM/integrador/greedy_cars/target/classes started by juli in /srv/greedy/ingSoftII/SCRUM/integrador/greedy_cars)
2025-11-05T00:07:42.626Z  INFO 445980 --- [greedy_cars] [  restartedMain] c.u.greedy_cars.GreedyCarsApplication    : No active profile set, falling back to 1 default profile: "default"
2025-11-05T00:07:42.775Z  INFO 445980 --- [greedy_cars] [  restartedMain] .s.d.r.c.RepositoryConfigurationDelegate : Bootstrapping Spring Data JPA repositories in DEFAULT mode.
2025-11-05T00:07:42.796Z  INFO 445980 --- [greedy_cars] [  restartedMain] .s.d.r.c.RepositoryConfigurationDelegate : Finished Spring Data repository scanning in 20 ms. Found 10 JPA repository interfaces.
2025-11-05T00:07:42.897Z  INFO 445980 --- [greedy_cars] [  restartedMain] o.s.b.w.embedded.tomcat.TomcatWebServer  : Tomcat initialized with port 9000 (http)
2025-11-05T00:07:42.897Z  INFO 445980 --- [greedy_cars] [  restartedMain] o.apache.catalina.core.StandardService   : Starting service [Tomcat]
2025-11-05T00:07:42.897Z  INFO 445980 --- [greedy_cars] [  restartedMain] o.apache.catalina.core.StandardEngine    : Starting Servlet engine: [Apache Tomcat/10.1.44]
2025-11-05T00:07:42.904Z  INFO 445980 --- [greedy_cars] [  restartedMain] o.a.c.c.C.[Tomcat-1].[localhost].[/]     : Initializing Spring embedded WebApplicationContext
2025-11-05T00:07:42.904Z  INFO 445980 --- [greedy_cars] [  restartedMain] w.s.c.ServletWebServerApplicationContext : Root WebApplicationContext: initialization completed in 277 ms
2025-11-05T00:07:42.936Z  INFO 445980 --- [greedy_cars] [  restartedMain] o.hibernate.jpa.internal.util.LogHelper  : HHH000204: Processing PersistenceUnitInfo [name: default]
2025-11-05T00:07:42.938Z  INFO 445980 --- [greedy_cars] [  restartedMain] o.h.c.internal.RegionFactoryInitiator    : HHH000026: Second-level cache disabled
2025-11-05T00:07:42.944Z  INFO 445980 --- [greedy_cars] [  restartedMain] o.s.o.j.p.SpringPersistenceUnitInfo      : No LoadTimeWeaver setup: ignoring JPA class transformer
2025-11-05T00:07:42.945Z  INFO 445980 --- [greedy_cars] [  restartedMain] com.zaxxer.hikari.HikariDataSource       : HikariPool-13 - Starting...
2025-11-05T00:07:42.947Z  INFO 445980 --- [greedy_cars] [  restartedMain] com.zaxxer.hikari.pool.HikariPool        : HikariPool-13 - Added connection org.mariadb.jdbc.Connection@55e8f283
2025-11-05T00:07:42.947Z  INFO 445980 --- [greedy_cars] [  restartedMain] com.zaxxer.hikari.HikariDataSource       : HikariPool-13 - Start completed.
2025-11-05T00:07:42.948Z  WARN 445980 --- [greedy_cars] [  restartedMain] org.hibernate.dialect.Dialect            : HHH000511: The 10.3.39 version for [org.hibernate.dialect.MariaDBDialect] is no longer supported, hence certain features may not work properly. The minimum supported version is 10.4.0. Check the community dialects project for available legacy versions.
2025-11-05T00:07:42.948Z  WARN 445980 --- [greedy_cars] [  restartedMain] org.hibernate.orm.deprecation            : HHH90000025: MariaDBDialect does not need to be specified explicitly using 'hibernate.dialect' (remove the property setting and it will be selected by default)
2025-11-05T00:07:42.949Z  INFO 445980 --- [greedy_cars] [  restartedMain] org.hibernate.orm.connections.pooling    : HHH10001005: Database info:
	Database JDBC URL [Connecting through datasource 'HikariDataSource (HikariPool-13)']
	Database driver: undefined/unknown
	Database version: 10.3.39
	Autocommit mode: undefined/unknown
	Isolation level: undefined/unknown
	Minimum pool size: undefined/unknown
	Maximum pool size: undefined/unknown
2025-11-05T00:07:43.126Z  INFO 445980 --- [greedy_cars] [  restartedMain] o.h.e.t.j.p.i.JtaPlatformInitiator       : HHH000489: No JTA platform available (set 'hibernate.transaction.jta.platform' to enable JTA platform integration)
Hibernate: alter table contacto modify column tipo_contacto enum ('EMPRESA','LABORAL','PERSONAL') not null
Hibernate: alter table contacto_telefonico modify column tipo_telefono enum ('CELULAR','FIJO') not null
Hibernate: alter table documentacion modify column tipo_documentacion enum ('CARNET_DE_CONDUCIR','DOCUMENTO_IDENTIDAD') not null
Hibernate: alter table empleados modify column tipo_empleado enum ('ADMINISTRATIVO','JEFE')
Hibernate: alter table imagen modify column tipo_imagen enum ('PERSONA','VEHICULO') not null
Hibernate: alter table persona modify column tipo_documento enum ('CEDULA','DNI','LICENCIA','OTRO','PASAPORTE') not null
Hibernate: alter table usuario modify column rol enum ('ADMINISTRATIVO','CLIENTE','JEFE') not null
Hibernate: alter table vehiculo modify column estado_vehiculo enum ('ALQUILADO','DISPONIBLE') not null
2025-11-05T00:07:43.148Z  INFO 445980 --- [greedy_cars] [  restartedMain] j.LocalContainerEntityManagerFactoryBean : Initialized JPA EntityManagerFactory for persistence unit 'default'
2025-11-05T00:07:43.261Z  WARN 445980 --- [greedy_cars] [  restartedMain] ConfigServletWebServerApplicationContext : Exception encountered during context initialization - cancelling refresh attempt: org.springframework.beans.factory.UnsatisfiedDependencyException: Error creating bean with name 'authController': Unsatisfied dependency expressed through field 'usuarioService': Error creating bean with name 'usuarioService' defined in file [/srv/greedy/ingSoftII/SCRUM/integrador/greedy_cars/target/classes/com/uncuyo/greedy_cars/shared/template/service/UsuarioService.class]: Unsatisfied dependency expressed through constructor parameter 1: No qualifying bean of type 'com.uncuyo.greedy_cars.shared.template.mapper.UsuarioMapper' available: expected at least 1 bean which qualifies as autowire candidate. Dependency annotations: {}
2025-11-05T00:07:43.261Z  INFO 445980 --- [greedy_cars] [  restartedMain] j.LocalContainerEntityManagerFactoryBean : Closing JPA EntityManagerFactory for persistence unit 'default'
2025-11-05T00:07:43.262Z  INFO 445980 --- [greedy_cars] [  restartedMain] com.zaxxer.hikari.HikariDataSource       : HikariPool-13 - Shutdown initiated...
2025-11-05T00:07:43.276Z  INFO 445980 --- [greedy_cars] [  restartedMain] com.zaxxer.hikari.HikariDataSource       : HikariPool-13 - Shutdown completed.
2025-11-05T00:07:43.276Z  INFO 445980 --- [greedy_cars] [  restartedMain] o.apache.catalina.core.StandardService   : Stopping service [Tomcat]
2025-11-05T00:07:43.282Z  INFO 445980 --- [greedy_cars] [  restartedMain] .s.b.a.l.ConditionEvaluationReportLogger : 

Error starting ApplicationContext. To display the condition evaluation report re-run your application with 'debug' enabled.
2025-11-05T00:07:43.289Z ERROR 445980 --- [greedy_cars] [  restartedMain] o.s.b.d.LoggingFailureAnalysisReporter   : 

***************************
APPLICATION FAILED TO START
***************************

Description:

Parameter 1 of constructor in com.uncuyo.greedy_cars.shared.template.service.UsuarioService required a bean of type 'com.uncuyo.greedy_cars.shared.template.mapper.UsuarioMapper' that could not be found.

The injection point has the following annotations:
	- @org.springframework.beans.factory.annotation.Autowired(required=true)


Action:

Consider defining a bean of type 'com.uncuyo.greedy_cars.shared.template.mapper.UsuarioMapper' in your configuration.


  .   ____          _            __ _ _
 /\\ / ___'_ __ _ _(_)_ __  __ _ \ \ \ \
( ( )\___ | '_ | '_| | '_ \/ _` | \ \ \ \
 \\/  ___)| |_)| | | | | || (_| |  ) ) ) )
  '  |____| .__|_| |_|_| |_\__, | / / / /
 =========|_|==============|___/=/_/_/_/

 :: Spring Boot ::                (v3.5.5)

2025-11-05T00:09:25.911Z  INFO 445980 --- [greedy_cars] [  restartedMain] c.u.greedy_cars.GreedyCarsApplication    : Starting GreedyCarsApplication using Java 17.0.15 with PID 445980 (/srv/greedy/ingSoftII/SCRUM/integrador/greedy_cars/target/classes started by juli in /srv/greedy/ingSoftII/SCRUM/integrador/greedy_cars)
2025-11-05T00:09:25.912Z  INFO 445980 --- [greedy_cars] [  restartedMain] c.u.greedy_cars.GreedyCarsApplication    : No active profile set, falling back to 1 default profile: "default"
2025-11-05T00:09:26.064Z  INFO 445980 --- [greedy_cars] [  restartedMain] .s.d.r.c.RepositoryConfigurationDelegate : Bootstrapping Spring Data JPA repositories in DEFAULT mode.
2025-11-05T00:09:26.088Z  INFO 445980 --- [greedy_cars] [  restartedMain] .s.d.r.c.RepositoryConfigurationDelegate : Finished Spring Data repository scanning in 23 ms. Found 10 JPA repository interfaces.
2025-11-05T00:09:26.199Z  INFO 445980 --- [greedy_cars] [  restartedMain] o.s.b.w.embedded.tomcat.TomcatWebServer  : Tomcat initialized with port 9000 (http)
2025-11-05T00:09:26.199Z  INFO 445980 --- [greedy_cars] [  restartedMain] o.apache.catalina.core.StandardService   : Starting service [Tomcat]
2025-11-05T00:09:26.199Z  INFO 445980 --- [greedy_cars] [  restartedMain] o.apache.catalina.core.StandardEngine    : Starting Servlet engine: [Apache Tomcat/10.1.44]
2025-11-05T00:09:26.206Z  INFO 445980 --- [greedy_cars] [  restartedMain] o.a.c.c.C.[Tomcat-2].[localhost].[/]     : Initializing Spring embedded WebApplicationContext
2025-11-05T00:09:26.207Z  INFO 445980 --- [greedy_cars] [  restartedMain] w.s.c.ServletWebServerApplicationContext : Root WebApplicationContext: initialization completed in 294 ms
2025-11-05T00:09:26.238Z  INFO 445980 --- [greedy_cars] [  restartedMain] o.hibernate.jpa.internal.util.LogHelper  : HHH000204: Processing PersistenceUnitInfo [name: default]
2025-11-05T00:09:26.240Z  INFO 445980 --- [greedy_cars] [  restartedMain] o.h.c.internal.RegionFactoryInitiator    : HHH000026: Second-level cache disabled
2025-11-05T00:09:26.246Z  INFO 445980 --- [greedy_cars] [  restartedMain] o.s.o.j.p.SpringPersistenceUnitInfo      : No LoadTimeWeaver setup: ignoring JPA class transformer
2025-11-05T00:09:26.247Z  INFO 445980 --- [greedy_cars] [  restartedMain] com.zaxxer.hikari.HikariDataSource       : HikariPool-14 - Starting...
2025-11-05T00:09:26.250Z  INFO 445980 --- [greedy_cars] [  restartedMain] com.zaxxer.hikari.pool.HikariPool        : HikariPool-14 - Added connection org.mariadb.jdbc.Connection@48b247eb
2025-11-05T00:09:26.251Z  INFO 445980 --- [greedy_cars] [  restartedMain] com.zaxxer.hikari.HikariDataSource       : HikariPool-14 - Start completed.
2025-11-05T00:09:26.251Z  WARN 445980 --- [greedy_cars] [  restartedMain] org.hibernate.dialect.Dialect            : HHH000511: The 10.3.39 version for [org.hibernate.dialect.MariaDBDialect] is no longer supported, hence certain features may not work properly. The minimum supported version is 10.4.0. Check the community dialects project for available legacy versions.
2025-11-05T00:09:26.251Z  WARN 445980 --- [greedy_cars] [  restartedMain] org.hibernate.orm.deprecation            : HHH90000025: MariaDBDialect does not need to be specified explicitly using 'hibernate.dialect' (remove the property setting and it will be selected by default)
2025-11-05T00:09:26.252Z  INFO 445980 --- [greedy_cars] [  restartedMain] org.hibernate.orm.connections.pooling    : HHH10001005: Database info:
	Database JDBC URL [Connecting through datasource 'HikariDataSource (HikariPool-14)']
	Database driver: undefined/unknown
	Database version: 10.3.39
	Autocommit mode: undefined/unknown
	Isolation level: undefined/unknown
	Minimum pool size: undefined/unknown
	Maximum pool size: undefined/unknown
2025-11-05T00:09:26.445Z  INFO 445980 --- [greedy_cars] [  restartedMain] o.h.e.t.j.p.i.JtaPlatformInitiator       : HHH000489: No JTA platform available (set 'hibernate.transaction.jta.platform' to enable JTA platform integration)
Hibernate: alter table contacto modify column tipo_contacto enum ('EMPRESA','LABORAL','PERSONAL') not null
Hibernate: alter table contacto_telefonico modify column tipo_telefono enum ('CELULAR','FIJO') not null
Hibernate: alter table documentacion modify column tipo_documentacion enum ('CARNET_DE_CONDUCIR','DOCUMENTO_IDENTIDAD') not null
Hibernate: alter table empleados modify column tipo_empleado enum ('ADMINISTRATIVO','JEFE')
Hibernate: alter table imagen modify column tipo_imagen enum ('PERSONA','VEHICULO') not null
Hibernate: alter table persona modify column tipo_documento enum ('CEDULA','DNI','LICENCIA','OTRO','PASAPORTE') not null
Hibernate: alter table usuario modify column rol enum ('ADMINISTRATIVO','CLIENTE','JEFE') not null
Hibernate: alter table vehiculo modify column estado_vehiculo enum ('ALQUILADO','DISPONIBLE') not null
2025-11-05T00:09:26.469Z  INFO 445980 --- [greedy_cars] [  restartedMain] j.LocalContainerEntityManagerFactoryBean : Initialized JPA EntityManagerFactory for persistence unit 'default'
2025-11-05T00:09:26.636Z  INFO 445980 --- [greedy_cars] [  restartedMain] eAuthenticationProviderManagerConfigurer : Global AuthenticationManager configured with AuthenticationProvider bean with name authenticationProvider
2025-11-05T00:09:26.637Z  WARN 445980 --- [greedy_cars] [  restartedMain] r$InitializeUserDetailsManagerConfigurer : Global AuthenticationManager configured with an AuthenticationProvider bean. UserDetailsService beans will not be used by Spring Security for automatically configuring username/password login. Consider removing the AuthenticationProvider bean. Alternatively, consider using the UserDetailsService in a manually instantiated DaoAuthenticationProvider. If the current configuration is intentional, to turn off this warning, increase the logging level of 'org.springframework.security.config.annotation.authentication.configuration.InitializeUserDetailsBeanManagerConfigurer' to ERROR
2025-11-05T00:09:26.702Z  WARN 445980 --- [greedy_cars] [  restartedMain] ConfigServletWebServerApplicationContext : Exception encountered during context initialization - cancelling refresh attempt: org.springframework.beans.factory.UnsatisfiedDependencyException: Error creating bean with name 'departamentoController' defined in file [/srv/greedy/ingSoftII/SCRUM/integrador/greedy_cars/target/classes/com/uncuyo/greedy_cars/shared/template/controller/DepartamentoController.class]: Unsatisfied dependency expressed through constructor parameter 0: Error creating bean with name 'departamentoService' defined in file [/srv/greedy/ingSoftII/SCRUM/integrador/greedy_cars/target/classes/com/uncuyo/greedy_cars/shared/template/service/DepartamentoService.class]: Unsatisfied dependency expressed through constructor parameter 1: Error creating bean with name 'departamentoMapperImpl' defined in file [/srv/greedy/ingSoftII/SCRUM/integrador/greedy_cars/target/classes/com/uncuyo/greedy_cars/shared/template/mapper/DepartamentoMapperImpl.class]: Failed to instantiate [com.uncuyo.greedy_cars.shared.template.mapper.DepartamentoMapperImpl]: Constructor threw exception
2025-11-05T00:09:26.704Z  INFO 445980 --- [greedy_cars] [  restartedMain] j.LocalContainerEntityManagerFactoryBean : Closing JPA EntityManagerFactory for persistence unit 'default'
2025-11-05T00:09:26.706Z  INFO 445980 --- [greedy_cars] [  restartedMain] com.zaxxer.hikari.HikariDataSource       : HikariPool-14 - Shutdown initiated...
2025-11-05T00:09:26.709Z  INFO 445980 --- [greedy_cars] [  restartedMain] com.zaxxer.hikari.HikariDataSource       : HikariPool-14 - Shutdown completed.
2025-11-05T00:09:26.709Z  INFO 445980 --- [greedy_cars] [  restartedMain] o.apache.catalina.core.StandardService   : Stopping service [Tomcat]
2025-11-05T00:09:26.716Z  INFO 445980 --- [greedy_cars] [  restartedMain] .s.b.a.l.ConditionEvaluationReportLogger : 

Error starting ApplicationContext. To display the condition evaluation report re-run your application with 'debug' enabled.
2025-11-05T00:09:26.719Z ERROR 445980 --- [greedy_cars] [  restartedMain] o.s.boot.SpringApplication               : Application run failed

org.springframework.beans.factory.UnsatisfiedDependencyException: Error creating bean with name 'departamentoController' defined in file [/srv/greedy/ingSoftII/SCRUM/integrador/greedy_cars/target/classes/com/uncuyo/greedy_cars/shared/template/controller/DepartamentoController.class]: Unsatisfied dependency expressed through constructor parameter 0: Error creating bean with name 'departamentoService' defined in file [/srv/greedy/ingSoftII/SCRUM/integrador/greedy_cars/target/classes/com/uncuyo/greedy_cars/shared/template/service/DepartamentoService.class]: Unsatisfied dependency expressed through constructor parameter 1: Error creating bean with name 'departamentoMapperImpl' defined in file [/srv/greedy/ingSoftII/SCRUM/integrador/greedy_cars/target/classes/com/uncuyo/greedy_cars/shared/template/mapper/DepartamentoMapperImpl.class]: Failed to instantiate [com.uncuyo.greedy_cars.shared.template.mapper.DepartamentoMapperImpl]: Constructor threw exception
	at org.springframework.beans.factory.support.ConstructorResolver.createArgumentArray(ConstructorResolver.java:804) ~[spring-beans-6.2.10.jar:6.2.10]
	at org.springframework.beans.factory.support.ConstructorResolver.autowireConstructor(ConstructorResolver.java:240) ~[spring-beans-6.2.10.jar:6.2.10]
	at org.springframework.beans.factory.support.AbstractAutowireCapableBeanFactory.autowireConstructor(AbstractAutowireCapableBeanFactory.java:1395) ~[spring-beans-6.2.10.jar:6.2.10]
	at org.springframework.beans.factory.support.AbstractAutowireCapableBeanFactory.createBeanInstance(AbstractAutowireCapableBeanFactory.java:1232) ~[spring-beans-6.2.10.jar:6.2.10]
	at org.springframework.beans.factory.support.AbstractAutowireCapableBeanFactory.doCreateBean(AbstractAutowireCapableBeanFactory.java:569) ~[spring-beans-6.2.10.jar:6.2.10]
	at org.springframework.beans.factory.support.AbstractAutowireCapableBeanFactory.createBean(AbstractAutowireCapableBeanFactory.java:529) ~[spring-beans-6.2.10.jar:6.2.10]
	at org.springframework.beans.factory.support.AbstractBeanFactory.lambda$doGetBean$0(AbstractBeanFactory.java:339) ~[spring-beans-6.2.10.jar:6.2.10]
	at org.springframework.beans.factory.support.DefaultSingletonBeanRegistry.getSingleton(DefaultSingletonBeanRegistry.java:373) ~[spring-beans-6.2.10.jar:6.2.10]
	at org.springframework.beans.factory.support.AbstractBeanFactory.doGetBean(AbstractBeanFactory.java:337) ~[spring-beans-6.2.10.jar:6.2.10]
	at org.springframework.beans.factory.support.AbstractBeanFactory.getBean(AbstractBeanFactory.java:202) ~[spring-beans-6.2.10.jar:6.2.10]
	at org.springframework.beans.factory.support.DefaultListableBeanFactory.instantiateSingleton(DefaultListableBeanFactory.java:1222) ~[spring-beans-6.2.10.jar:6.2.10]
	at org.springframework.beans.factory.support.DefaultListableBeanFactory.preInstantiateSingleton(DefaultListableBeanFactory.java:1188) ~[spring-beans-6.2.10.jar:6.2.10]
	at org.springframework.beans.factory.support.DefaultListableBeanFactory.preInstantiateSingletons(DefaultListableBeanFactory.java:1123) ~[spring-beans-6.2.10.jar:6.2.10]
	at org.springframework.context.support.AbstractApplicationContext.finishBeanFactoryInitialization(AbstractApplicationContext.java:987) ~[spring-context-6.2.10.jar:6.2.10]
	at org.springframework.context.support.AbstractApplicationContext.refresh(AbstractApplicationContext.java:627) ~[spring-context-6.2.10.jar:6.2.10]
	at org.springframework.boot.web.servlet.context.ServletWebServerApplicationContext.refresh(ServletWebServerApplicationContext.java:146) ~[spring-boot-3.5.5.jar:3.5.5]
	at org.springframework.boot.SpringApplication.refresh(SpringApplication.java:752) ~[spring-boot-3.5.5.jar:3.5.5]
	at org.springframework.boot.SpringApplication.refreshContext(SpringApplication.java:439) ~[spring-boot-3.5.5.jar:3.5.5]
	at org.springframework.boot.SpringApplication.run(SpringApplication.java:318) ~[spring-boot-3.5.5.jar:3.5.5]
	at org.springframework.boot.SpringApplication.run(SpringApplication.java:1361) ~[spring-boot-3.5.5.jar:3.5.5]
	at org.springframework.boot.SpringApplication.run(SpringApplication.java:1350) ~[spring-boot-3.5.5.jar:3.5.5]
	at com.uncuyo.greedy_cars.GreedyCarsApplication.main(GreedyCarsApplication.java:10) ~[classes/:na]
	at java.base/jdk.internal.reflect.NativeMethodAccessorImpl.invoke0(Native Method) ~[na:na]
	at java.base/jdk.internal.reflect.NativeMethodAccessorImpl.invoke(NativeMethodAccessorImpl.java:77) ~[na:na]
	at java.base/jdk.internal.reflect.DelegatingMethodAccessorImpl.invoke(DelegatingMethodAccessorImpl.java:43) ~[na:na]
	at java.base/java.lang.reflect.Method.invoke(Method.java:569) ~[na:na]
	at org.springframework.boot.devtools.restart.RestartLauncher.run(RestartLauncher.java:50) ~[spring-boot-devtools-3.5.5.jar:3.5.5]
Caused by: org.springframework.beans.factory.UnsatisfiedDependencyException: Error creating bean with name 'departamentoService' defined in file [/srv/greedy/ingSoftII/SCRUM/integrador/greedy_cars/target/classes/com/uncuyo/greedy_cars/shared/template/service/DepartamentoService.class]: Unsatisfied dependency expressed through constructor parameter 1: Error creating bean with name 'departamentoMapperImpl' defined in file [/srv/greedy/ingSoftII/SCRUM/integrador/greedy_cars/target/classes/com/uncuyo/greedy_cars/shared/template/mapper/DepartamentoMapperImpl.class]: Failed to instantiate [com.uncuyo.greedy_cars.shared.template.mapper.DepartamentoMapperImpl]: Constructor threw exception
	at org.springframework.beans.factory.support.ConstructorResolver.createArgumentArray(ConstructorResolver.java:804) ~[spring-beans-6.2.10.jar:6.2.10]
	at org.springframework.beans.factory.support.ConstructorResolver.autowireConstructor(ConstructorResolver.java:240) ~[spring-beans-6.2.10.jar:6.2.10]
	at org.springframework.beans.factory.support.AbstractAutowireCapableBeanFactory.autowireConstructor(AbstractAutowireCapableBeanFactory.java:1395) ~[spring-beans-6.2.10.jar:6.2.10]
	at org.springframework.beans.factory.support.AbstractAutowireCapableBeanFactory.createBeanInstance(AbstractAutowireCapableBeanFactory.java:1232) ~[spring-beans-6.2.10.jar:6.2.10]
	at org.springframework.beans.factory.support.AbstractAutowireCapableBeanFactory.doCreateBean(AbstractAutowireCapableBeanFactory.java:569) ~[spring-beans-6.2.10.jar:6.2.10]
	at org.springframework.beans.factory.support.AbstractAutowireCapableBeanFactory.createBean(AbstractAutowireCapableBeanFactory.java:529) ~[spring-beans-6.2.10.jar:6.2.10]
	at org.springframework.beans.factory.support.AbstractBeanFactory.lambda$doGetBean$0(AbstractBeanFactory.java:339) ~[spring-beans-6.2.10.jar:6.2.10]
	at org.springframework.beans.factory.support.DefaultSingletonBeanRegistry.getSingleton(DefaultSingletonBeanRegistry.java:373) ~[spring-beans-6.2.10.jar:6.2.10]
	at org.springframework.beans.factory.support.AbstractBeanFactory.doGetBean(AbstractBeanFactory.java:337) ~[spring-beans-6.2.10.jar:6.2.10]
	at org.springframework.beans.factory.support.AbstractBeanFactory.getBean(AbstractBeanFactory.java:202) ~[spring-beans-6.2.10.jar:6.2.10]
	at org.springframework.beans.factory.support.DefaultListableBeanFactory.doResolveDependency(DefaultListableBeanFactory.java:1690) ~[spring-beans-6.2.10.jar:6.2.10]
	at org.springframework.beans.factory.support.DefaultListableBeanFactory.resolveDependency(DefaultListableBeanFactory.java:1635) ~[spring-beans-6.2.10.jar:6.2.10]
	at org.springframework.beans.factory.support.ConstructorResolver.resolveAutowiredArgument(ConstructorResolver.java:913) ~[spring-beans-6.2.10.jar:6.2.10]
	at org.springframework.beans.factory.support.ConstructorResolver.createArgumentArray(ConstructorResolver.java:791) ~[spring-beans-6.2.10.jar:6.2.10]
	... 26 common frames omitted
Caused by: org.springframework.beans.factory.BeanCreationException: Error creating bean with name 'departamentoMapperImpl' defined in file [/srv/greedy/ingSoftII/SCRUM/integrador/greedy_cars/target/classes/com/uncuyo/greedy_cars/shared/template/mapper/DepartamentoMapperImpl.class]: Failed to instantiate [com.uncuyo.greedy_cars.shared.template.mapper.DepartamentoMapperImpl]: Constructor threw exception
	at org.springframework.beans.factory.support.AbstractAutowireCapableBeanFactory.instantiateBean(AbstractAutowireCapableBeanFactory.java:1357) ~[spring-beans-6.2.10.jar:6.2.10]
	at org.springframework.beans.factory.support.AbstractAutowireCapableBeanFactory.createBeanInstance(AbstractAutowireCapableBeanFactory.java:1242) ~[spring-beans-6.2.10.jar:6.2.10]
	at org.springframework.beans.factory.support.AbstractAutowireCapableBeanFactory.doCreateBean(AbstractAutowireCapableBeanFactory.java:569) ~[spring-beans-6.2.10.jar:6.2.10]
	at org.springframework.beans.factory.support.AbstractAutowireCapableBeanFactory.createBean(AbstractAutowireCapableBeanFactory.java:529) ~[spring-beans-6.2.10.jar:6.2.10]
	at org.springframework.beans.factory.support.AbstractBeanFactory.lambda$doGetBean$0(AbstractBeanFactory.java:339) ~[spring-beans-6.2.10.jar:6.2.10]
	at org.springframework.beans.factory.support.DefaultSingletonBeanRegistry.getSingleton(DefaultSingletonBeanRegistry.java:373) ~[spring-beans-6.2.10.jar:6.2.10]
	at org.springframework.beans.factory.support.AbstractBeanFactory.doGetBean(AbstractBeanFactory.java:337) ~[spring-beans-6.2.10.jar:6.2.10]
	at org.springframework.beans.factory.support.AbstractBeanFactory.getBean(AbstractBeanFactory.java:202) ~[spring-beans-6.2.10.jar:6.2.10]
	at org.springframework.beans.factory.config.DependencyDescriptor.resolveCandidate(DependencyDescriptor.java:254) ~[spring-beans-6.2.10.jar:6.2.10]
	at org.springframework.beans.factory.support.DefaultListableBeanFactory.doResolveDependency(DefaultListableBeanFactory.java:1752) ~[spring-beans-6.2.10.jar:6.2.10]
	at org.springframework.beans.factory.support.DefaultListableBeanFactory.resolveDependency(DefaultListableBeanFactory.java:1635) ~[spring-beans-6.2.10.jar:6.2.10]
	at org.springframework.beans.factory.support.ConstructorResolver.resolveAutowiredArgument(ConstructorResolver.java:913) ~[spring-beans-6.2.10.jar:6.2.10]
	at org.springframework.beans.factory.support.ConstructorResolver.createArgumentArray(ConstructorResolver.java:791) ~[spring-beans-6.2.10.jar:6.2.10]
	... 39 common frames omitted
Caused by: org.springframework.beans.BeanInstantiationException: Failed to instantiate [com.uncuyo.greedy_cars.shared.template.mapper.DepartamentoMapperImpl]: Constructor threw exception
	at org.springframework.beans.BeanUtils.instantiateClass(BeanUtils.java:223) ~[spring-beans-6.2.10.jar:6.2.10]
	at org.springframework.beans.factory.support.SimpleInstantiationStrategy.instantiate(SimpleInstantiationStrategy.java:123) ~[spring-beans-6.2.10.jar:6.2.10]
	at org.springframework.beans.factory.support.AbstractAutowireCapableBeanFactory.instantiateBean(AbstractAutowireCapableBeanFactory.java:1351) ~[spring-beans-6.2.10.jar:6.2.10]
	... 51 common frames omitted
Caused by: java.lang.Error: Unresolved compilation problems: 
	ProvinciaMapper cannot be resolved to a type
	ProvinciaMapper cannot be resolved to a type
	ProvinciaMapper cannot be resolved to a type

	at com.uncuyo.greedy_cars.shared.template.mapper.DepartamentoMapperImpl.<init>(DepartamentoMapperImpl.java:20) ~[classes/:na]
	at java.base/jdk.internal.reflect.NativeConstructorAccessorImpl.newInstance0(Native Method) ~[na:na]
	at java.base/jdk.internal.reflect.NativeConstructorAccessorImpl.newInstance(NativeConstructorAccessorImpl.java:77) ~[na:na]
	at java.base/jdk.internal.reflect.DelegatingConstructorAccessorImpl.newInstance(DelegatingConstructorAccessorImpl.java:45) ~[na:na]
	at java.base/java.lang.reflect.Constructor.newInstanceWithCaller(Constructor.java:500) ~[na:na]
	at java.base/java.lang.reflect.Constructor.newInstance(Constructor.java:481) ~[na:na]
	at org.springframework.beans.BeanUtils.instantiateClass(BeanUtils.java:197) ~[spring-beans-6.2.10.jar:6.2.10]
	... 53 common frames omitted


  .   ____          _            __ _ _
 /\\ / ___'_ __ _ _(_)_ __  __ _ \ \ \ \
( ( )\___ | '_ | '_| | '_ \/ _` | \ \ \ \
 \\/  ___)| |_)| | | | | || (_| |  ) ) ) )
  '  |____| .__|_| |_|_| |_\__, | / / / /
 =========|_|==============|___/=/_/_/_/

 :: Spring Boot ::                (v3.5.5)

2025-11-05T00:09:28.153Z  INFO 445980 --- [greedy_cars] [  restartedMain] c.u.greedy_cars.GreedyCarsApplication    : Starting GreedyCarsApplication using Java 17.0.15 with PID 445980 (/srv/greedy/ingSoftII/SCRUM/integrador/greedy_cars/target/classes started by juli in /srv/greedy/ingSoftII/SCRUM/integrador/greedy_cars)
2025-11-05T00:09:28.153Z  INFO 445980 --- [greedy_cars] [  restartedMain] c.u.greedy_cars.GreedyCarsApplication    : No active profile set, falling back to 1 default profile: "default"
2025-11-05T00:09:28.324Z  INFO 445980 --- [greedy_cars] [  restartedMain] .s.d.r.c.RepositoryConfigurationDelegate : Bootstrapping Spring Data JPA repositories in DEFAULT mode.
2025-11-05T00:09:28.360Z  INFO 445980 --- [greedy_cars] [  restartedMain] .s.d.r.c.RepositoryConfigurationDelegate : Finished Spring Data repository scanning in 35 ms. Found 18 JPA repository interfaces.
2025-11-05T00:09:28.480Z  INFO 445980 --- [greedy_cars] [  restartedMain] o.s.b.w.embedded.tomcat.TomcatWebServer  : Tomcat initialized with port 9000 (http)
2025-11-05T00:09:28.482Z  INFO 445980 --- [greedy_cars] [  restartedMain] o.apache.catalina.core.StandardService   : Starting service [Tomcat]
2025-11-05T00:09:28.482Z  INFO 445980 --- [greedy_cars] [  restartedMain] o.apache.catalina.core.StandardEngine    : Starting Servlet engine: [Apache Tomcat/10.1.44]
2025-11-05T00:09:28.489Z  INFO 445980 --- [greedy_cars] [  restartedMain] o.a.c.c.C.[Tomcat-3].[localhost].[/]     : Initializing Spring embedded WebApplicationContext
2025-11-05T00:09:28.490Z  INFO 445980 --- [greedy_cars] [  restartedMain] w.s.c.ServletWebServerApplicationContext : Root WebApplicationContext: initialization completed in 336 ms
2025-11-05T00:09:28.525Z  INFO 445980 --- [greedy_cars] [  restartedMain] o.hibernate.jpa.internal.util.LogHelper  : HHH000204: Processing PersistenceUnitInfo [name: default]
2025-11-05T00:09:28.527Z  INFO 445980 --- [greedy_cars] [  restartedMain] o.h.c.internal.RegionFactoryInitiator    : HHH000026: Second-level cache disabled
2025-11-05T00:09:28.533Z  INFO 445980 --- [greedy_cars] [  restartedMain] o.s.o.j.p.SpringPersistenceUnitInfo      : No LoadTimeWeaver setup: ignoring JPA class transformer
2025-11-05T00:09:28.534Z  INFO 445980 --- [greedy_cars] [  restartedMain] com.zaxxer.hikari.HikariDataSource       : HikariPool-15 - Starting...
2025-11-05T00:09:28.537Z  INFO 445980 --- [greedy_cars] [  restartedMain] com.zaxxer.hikari.pool.HikariPool        : HikariPool-15 - Added connection org.mariadb.jdbc.Connection@72db7a29
2025-11-05T00:09:28.537Z  INFO 445980 --- [greedy_cars] [  restartedMain] com.zaxxer.hikari.HikariDataSource       : HikariPool-15 - Start completed.
2025-11-05T00:09:28.537Z  WARN 445980 --- [greedy_cars] [  restartedMain] org.hibernate.dialect.Dialect            : HHH000511: The 10.3.39 version for [org.hibernate.dialect.MariaDBDialect] is no longer supported, hence certain features may not work properly. The minimum supported version is 10.4.0. Check the community dialects project for available legacy versions.
2025-11-05T00:09:28.538Z  WARN 445980 --- [greedy_cars] [  restartedMain] org.hibernate.orm.deprecation            : HHH90000025: MariaDBDialect does not need to be specified explicitly using 'hibernate.dialect' (remove the property setting and it will be selected by default)
2025-11-05T00:09:28.538Z  INFO 445980 --- [greedy_cars] [  restartedMain] org.hibernate.orm.connections.pooling    : HHH10001005: Database info:
	Database JDBC URL [Connecting through datasource 'HikariDataSource (HikariPool-15)']
	Database driver: undefined/unknown
	Database version: 10.3.39
	Autocommit mode: undefined/unknown
	Isolation level: undefined/unknown
	Minimum pool size: undefined/unknown
	Maximum pool size: undefined/unknown
2025-11-05T00:09:28.727Z  INFO 445980 --- [greedy_cars] [  restartedMain] o.h.e.t.j.p.i.JtaPlatformInitiator       : HHH000489: No JTA platform available (set 'hibernate.transaction.jta.platform' to enable JTA platform integration)
Hibernate: alter table contacto modify column tipo_contacto enum ('EMPRESA','LABORAL','PERSONAL') not null
Hibernate: alter table contacto_telefonico modify column tipo_telefono enum ('CELULAR','FIJO') not null
Hibernate: alter table documentacion modify column tipo_documentacion enum ('CARNET_DE_CONDUCIR','DOCUMENTO_IDENTIDAD') not null
Hibernate: alter table empleados modify column tipo_empleado enum ('ADMINISTRATIVO','JEFE')
Hibernate: alter table imagen modify column tipo_imagen enum ('PERSONA','VEHICULO') not null
Hibernate: alter table persona modify column tipo_documento enum ('CEDULA','DNI','LICENCIA','OTRO','PASAPORTE') not null
Hibernate: alter table usuario modify column rol enum ('ADMINISTRATIVO','CLIENTE','JEFE') not null
Hibernate: alter table vehiculo modify column estado_vehiculo enum ('ALQUILADO','DISPONIBLE') not null
2025-11-05T00:09:28.753Z  INFO 445980 --- [greedy_cars] [  restartedMain] j.LocalContainerEntityManagerFactoryBean : Initialized JPA EntityManagerFactory for persistence unit 'default'
2025-11-05T00:09:28.889Z  INFO 445980 --- [greedy_cars] [  restartedMain] eAuthenticationProviderManagerConfigurer : Global AuthenticationManager configured with AuthenticationProvider bean with name authenticationProvider
2025-11-05T00:09:28.889Z  WARN 445980 --- [greedy_cars] [  restartedMain] r$InitializeUserDetailsManagerConfigurer : Global AuthenticationManager configured with an AuthenticationProvider bean. UserDetailsService beans will not be used by Spring Security for automatically configuring username/password login. Consider removing the AuthenticationProvider bean. Alternatively, consider using the UserDetailsService in a manually instantiated DaoAuthenticationProvider. If the current configuration is intentional, to turn off this warning, increase the logging level of 'org.springframework.security.config.annotation.authentication.configuration.InitializeUserDetailsBeanManagerConfigurer' to ERROR
2025-11-05T00:09:29.150Z  WARN 445980 --- [greedy_cars] [  restartedMain] JpaBaseConfiguration$JpaWebConfiguration : spring.jpa.open-in-view is enabled by default. Therefore, database queries may be performed during view rendering. Explicitly configure spring.jpa.open-in-view to disable this warning
2025-11-05T00:09:29.252Z DEBUG 445980 --- [greedy_cars] [  restartedMain] o.s.s.web.DefaultSecurityFilterChain     : Will secure any request with filters: DisableEncodeUrlFilter, WebAsyncManagerIntegrationFilter, SecurityContextHolderFilter, HeaderWriterFilter, CorsFilter, LogoutFilter, JwtAuthenticationFilter, RequestCacheAwareFilter, SecurityContextHolderAwareRequestFilter, AnonymousAuthenticationFilter, SessionManagementFilter, ExceptionTranslationFilter, AuthorizationFilter
2025-11-05T00:09:29.312Z  INFO 445980 --- [greedy_cars] [  restartedMain] o.s.b.a.h2.H2ConsoleAutoConfiguration    : H2 console available at '/h2-console'. Database available at 'jdbc:mariadb://localhost:3307/greedy_cars_db?user=greedy_cars&password=***&useUnicode=true&serverTimezone=America/Argentina/Mendoza&characterEncoding=utf8'
2025-11-05T00:09:30.038Z  INFO 445980 --- [greedy_cars] [  restartedMain] o.s.b.d.a.OptionalLiveReloadServer       : LiveReload server is running on port 35729
2025-11-05T00:09:30.050Z  INFO 445980 --- [greedy_cars] [  restartedMain] o.s.b.w.embedded.tomcat.TomcatWebServer  : Tomcat started on port 9000 (http) with context path '/'
2025-11-05T00:09:30.056Z  INFO 445980 --- [greedy_cars] [  restartedMain] c.u.greedy_cars.GreedyCarsApplication    : Started GreedyCarsApplication in 1.917 seconds (process running for 1726.177)
Hibernate: select u1_0.id from usuario u1_0 where u1_0.nombre_usuario=? and not(u1_0.eliminado) limit ?
ℹ️  Usuario administrador ya existe en la base de datos
2025-11-05T00:09:30.083Z  INFO 445980 --- [greedy_cars] [  restartedMain] .ConditionEvaluationDeltaLoggingListener : Condition evaluation unchanged
2025-11-05T00:09:31.443Z  INFO 445980 --- [greedy_cars] [   File Watcher] rtingClassPathChangeChangedEventListener : Restarting due to 1 class path change (0 additions, 0 deletions, 1 modification)
2025-11-05T00:09:31.446Z  INFO 445980 --- [greedy_cars] [      Thread-51] o.s.b.w.e.tomcat.GracefulShutdown        : Commencing graceful shutdown. Waiting for active requests to complete
2025-11-05T00:09:31.448Z  INFO 445980 --- [greedy_cars] [tomcat-shutdown] o.s.b.w.e.tomcat.GracefulShutdown        : Graceful shutdown complete
2025-11-05T00:09:31.451Z  INFO 445980 --- [greedy_cars] [      Thread-51] j.LocalContainerEntityManagerFactoryBean : Closing JPA EntityManagerFactory for persistence unit 'default'
2025-11-05T00:09:31.452Z  INFO 445980 --- [greedy_cars] [      Thread-51] com.zaxxer.hikari.HikariDataSource       : HikariPool-15 - Shutdown initiated...
2025-11-05T00:09:31.454Z  INFO 445980 --- [greedy_cars] [      Thread-51] com.zaxxer.hikari.HikariDataSource       : HikariPool-15 - Shutdown completed.

  .   ____          _            __ _ _
 /\\ / ___'_ __ _ _(_)_ __  __ _ \ \ \ \
( ( )\___ | '_ | '_| | '_ \/ _` | \ \ \ \
 \\/  ___)| |_)| | | | | || (_| |  ) ) ) )
  '  |____| .__|_| |_|_| |_\__, | / / / /
 =========|_|==============|___/=/_/_/_/

 :: Spring Boot ::                (v3.5.5)

2025-11-05T00:09:31.573Z  INFO 445980 --- [greedy_cars] [  restartedMain] c.u.greedy_cars.GreedyCarsApplication    : Starting GreedyCarsApplication using Java 17.0.15 with PID 445980 (/srv/greedy/ingSoftII/SCRUM/integrador/greedy_cars/target/classes started by juli in /srv/greedy/ingSoftII/SCRUM/integrador/greedy_cars)
2025-11-05T00:09:31.574Z  INFO 445980 --- [greedy_cars] [  restartedMain] c.u.greedy_cars.GreedyCarsApplication    : No active profile set, falling back to 1 default profile: "default"
2025-11-05T00:09:31.740Z  INFO 445980 --- [greedy_cars] [  restartedMain] .s.d.r.c.RepositoryConfigurationDelegate : Bootstrapping Spring Data JPA repositories in DEFAULT mode.
2025-11-05T00:09:31.777Z  INFO 445980 --- [greedy_cars] [  restartedMain] .s.d.r.c.RepositoryConfigurationDelegate : Finished Spring Data repository scanning in 35 ms. Found 18 JPA repository interfaces.
2025-11-05T00:09:31.888Z  INFO 445980 --- [greedy_cars] [  restartedMain] o.s.b.w.embedded.tomcat.TomcatWebServer  : Tomcat initialized with port 9000 (http)
2025-11-05T00:09:31.889Z  INFO 445980 --- [greedy_cars] [  restartedMain] o.apache.catalina.core.StandardService   : Starting service [Tomcat]
2025-11-05T00:09:31.889Z  INFO 445980 --- [greedy_cars] [  restartedMain] o.apache.catalina.core.StandardEngine    : Starting Servlet engine: [Apache Tomcat/10.1.44]
2025-11-05T00:09:31.896Z  INFO 445980 --- [greedy_cars] [  restartedMain] o.a.c.c.C.[Tomcat-3].[localhost].[/]     : Initializing Spring embedded WebApplicationContext
2025-11-05T00:09:31.896Z  INFO 445980 --- [greedy_cars] [  restartedMain] w.s.c.ServletWebServerApplicationContext : Root WebApplicationContext: initialization completed in 320 ms
2025-11-05T00:09:31.931Z  INFO 445980 --- [greedy_cars] [  restartedMain] o.hibernate.jpa.internal.util.LogHelper  : HHH000204: Processing PersistenceUnitInfo [name: default]
2025-11-05T00:09:31.933Z  INFO 445980 --- [greedy_cars] [  restartedMain] o.h.c.internal.RegionFactoryInitiator    : HHH000026: Second-level cache disabled
2025-11-05T00:09:31.939Z  INFO 445980 --- [greedy_cars] [  restartedMain] o.s.o.j.p.SpringPersistenceUnitInfo      : No LoadTimeWeaver setup: ignoring JPA class transformer
2025-11-05T00:09:31.940Z  INFO 445980 --- [greedy_cars] [  restartedMain] com.zaxxer.hikari.HikariDataSource       : HikariPool-16 - Starting...
2025-11-05T00:09:31.943Z  INFO 445980 --- [greedy_cars] [  restartedMain] com.zaxxer.hikari.pool.HikariPool        : HikariPool-16 - Added connection org.mariadb.jdbc.Connection@70e87dd1
2025-11-05T00:09:31.943Z  INFO 445980 --- [greedy_cars] [  restartedMain] com.zaxxer.hikari.HikariDataSource       : HikariPool-16 - Start completed.
2025-11-05T00:09:31.943Z  WARN 445980 --- [greedy_cars] [  restartedMain] org.hibernate.dialect.Dialect            : HHH000511: The 10.3.39 version for [org.hibernate.dialect.MariaDBDialect] is no longer supported, hence certain features may not work properly. The minimum supported version is 10.4.0. Check the community dialects project for available legacy versions.
2025-11-05T00:09:31.944Z  WARN 445980 --- [greedy_cars] [  restartedMain] org.hibernate.orm.deprecation            : HHH90000025: MariaDBDialect does not need to be specified explicitly using 'hibernate.dialect' (remove the property setting and it will be selected by default)
2025-11-05T00:09:31.944Z  INFO 445980 --- [greedy_cars] [  restartedMain] org.hibernate.orm.connections.pooling    : HHH10001005: Database info:
	Database JDBC URL [Connecting through datasource 'HikariDataSource (HikariPool-16)']
	Database driver: undefined/unknown
	Database version: 10.3.39
	Autocommit mode: undefined/unknown
	Isolation level: undefined/unknown
	Minimum pool size: undefined/unknown
	Maximum pool size: undefined/unknown
2025-11-05T00:09:32.131Z  INFO 445980 --- [greedy_cars] [  restartedMain] o.h.e.t.j.p.i.JtaPlatformInitiator       : HHH000489: No JTA platform available (set 'hibernate.transaction.jta.platform' to enable JTA platform integration)
Hibernate: alter table contacto modify column tipo_contacto enum ('EMPRESA','LABORAL','PERSONAL') not null
Hibernate: alter table contacto_telefonico modify column tipo_telefono enum ('CELULAR','FIJO') not null
Hibernate: alter table documentacion modify column tipo_documentacion enum ('CARNET_DE_CONDUCIR','DOCUMENTO_IDENTIDAD') not null
Hibernate: alter table empleados modify column tipo_empleado enum ('ADMINISTRATIVO','JEFE')
Hibernate: alter table imagen modify column tipo_imagen enum ('PERSONA','VEHICULO') not null
Hibernate: alter table persona modify column tipo_documento enum ('CEDULA','DNI','LICENCIA','OTRO','PASAPORTE') not null
Hibernate: alter table usuario modify column rol enum ('ADMINISTRATIVO','CLIENTE','JEFE') not null
Hibernate: alter table vehiculo modify column estado_vehiculo enum ('ALQUILADO','DISPONIBLE') not null
2025-11-05T00:09:32.154Z  INFO 445980 --- [greedy_cars] [  restartedMain] j.LocalContainerEntityManagerFactoryBean : Initialized JPA EntityManagerFactory for persistence unit 'default'
2025-11-05T00:09:32.287Z  INFO 445980 --- [greedy_cars] [  restartedMain] eAuthenticationProviderManagerConfigurer : Global AuthenticationManager configured with AuthenticationProvider bean with name authenticationProvider
2025-11-05T00:09:32.288Z  WARN 445980 --- [greedy_cars] [  restartedMain] r$InitializeUserDetailsManagerConfigurer : Global AuthenticationManager configured with an AuthenticationProvider bean. UserDetailsService beans will not be used by Spring Security for automatically configuring username/password login. Consider removing the AuthenticationProvider bean. Alternatively, consider using the UserDetailsService in a manually instantiated DaoAuthenticationProvider. If the current configuration is intentional, to turn off this warning, increase the logging level of 'org.springframework.security.config.annotation.authentication.configuration.InitializeUserDetailsBeanManagerConfigurer' to ERROR
2025-11-05T00:09:32.521Z  WARN 445980 --- [greedy_cars] [  restartedMain] JpaBaseConfiguration$JpaWebConfiguration : spring.jpa.open-in-view is enabled by default. Therefore, database queries may be performed during view rendering. Explicitly configure spring.jpa.open-in-view to disable this warning
2025-11-05T00:09:32.620Z DEBUG 445980 --- [greedy_cars] [  restartedMain] o.s.s.web.DefaultSecurityFilterChain     : Will secure any request with filters: DisableEncodeUrlFilter, WebAsyncManagerIntegrationFilter, SecurityContextHolderFilter, HeaderWriterFilter, CorsFilter, LogoutFilter, JwtAuthenticationFilter, RequestCacheAwareFilter, SecurityContextHolderAwareRequestFilter, AnonymousAuthenticationFilter, SessionManagementFilter, ExceptionTranslationFilter, AuthorizationFilter
2025-11-05T00:09:32.669Z  INFO 445980 --- [greedy_cars] [  restartedMain] o.s.b.a.h2.H2ConsoleAutoConfiguration    : H2 console available at '/h2-console'. Database available at 'jdbc:mariadb://localhost:3307/greedy_cars_db?user=greedy_cars&password=***&useUnicode=true&serverTimezone=America/Argentina/Mendoza&characterEncoding=utf8'
2025-11-05T00:09:33.716Z  INFO 445980 --- [greedy_cars] [  restartedMain] o.s.b.d.a.OptionalLiveReloadServer       : LiveReload server is running on port 35729
2025-11-05T00:09:33.729Z  INFO 445980 --- [greedy_cars] [  restartedMain] o.s.b.w.embedded.tomcat.TomcatWebServer  : Tomcat started on port 9000 (http) with context path '/'
2025-11-05T00:09:33.735Z  INFO 445980 --- [greedy_cars] [  restartedMain] c.u.greedy_cars.GreedyCarsApplication    : Started GreedyCarsApplication in 2.176 seconds (process running for 1729.855)
Hibernate: select u1_0.id from usuario u1_0 where u1_0.nombre_usuario=? and not(u1_0.eliminado) limit ?
ℹ️  Usuario administrador ya existe en la base de datos
2025-11-05T00:09:33.763Z  INFO 445980 --- [greedy_cars] [  restartedMain] .ConditionEvaluationDeltaLoggingListener : Condition evaluation unchanged
2025-11-05T00:09:35.122Z  INFO 445980 --- [greedy_cars] [   File Watcher] rtingClassPathChangeChangedEventListener : Restarting due to 1 class path change (0 additions, 0 deletions, 1 modification)
2025-11-05T00:09:35.124Z  INFO 445980 --- [greedy_cars] [      Thread-61] o.s.b.w.e.tomcat.GracefulShutdown        : Commencing graceful shutdown. Waiting for active requests to complete
2025-11-05T00:09:35.125Z  INFO 445980 --- [greedy_cars] [tomcat-shutdown] o.s.b.w.e.tomcat.GracefulShutdown        : Graceful shutdown complete
2025-11-05T00:09:35.128Z  INFO 445980 --- [greedy_cars] [      Thread-61] j.LocalContainerEntityManagerFactoryBean : Closing JPA EntityManagerFactory for persistence unit 'default'
2025-11-05T00:09:35.128Z  INFO 445980 --- [greedy_cars] [      Thread-61] com.zaxxer.hikari.HikariDataSource       : HikariPool-16 - Shutdown initiated...
2025-11-05T00:09:35.130Z  INFO 445980 --- [greedy_cars] [      Thread-61] com.zaxxer.hikari.HikariDataSource       : HikariPool-16 - Shutdown completed.

  .   ____          _            __ _ _
 /\\ / ___'_ __ _ _(_)_ __  __ _ \ \ \ \
( ( )\___ | '_ | '_| | '_ \/ _` | \ \ \ \
 \\/  ___)| |_)| | | | | || (_| |  ) ) ) )
  '  |____| .__|_| |_|_| |_\__, | / / / /
 =========|_|==============|___/=/_/_/_/

 :: Spring Boot ::                (v3.5.5)

2025-11-05T00:09:35.252Z  INFO 445980 --- [greedy_cars] [  restartedMain] c.u.greedy_cars.GreedyCarsApplication    : Starting GreedyCarsApplication using Java 17.0.15 with PID 445980 (/srv/greedy/ingSoftII/SCRUM/integrador/greedy_cars/target/classes started by juli in /srv/greedy/ingSoftII/SCRUM/integrador/greedy_cars)
2025-11-05T00:09:35.252Z  INFO 445980 --- [greedy_cars] [  restartedMain] c.u.greedy_cars.GreedyCarsApplication    : No active profile set, falling back to 1 default profile: "default"
2025-11-05T00:09:35.419Z  INFO 445980 --- [greedy_cars] [  restartedMain] .s.d.r.c.RepositoryConfigurationDelegate : Bootstrapping Spring Data JPA repositories in DEFAULT mode.
2025-11-05T00:09:35.455Z  INFO 445980 --- [greedy_cars] [  restartedMain] .s.d.r.c.RepositoryConfigurationDelegate : Finished Spring Data repository scanning in 35 ms. Found 18 JPA repository interfaces.
2025-11-05T00:09:35.568Z  INFO 445980 --- [greedy_cars] [  restartedMain] o.s.b.w.embedded.tomcat.TomcatWebServer  : Tomcat initialized with port 9000 (http)
2025-11-05T00:09:35.569Z  INFO 445980 --- [greedy_cars] [  restartedMain] o.apache.catalina.core.StandardService   : Starting service [Tomcat]
2025-11-05T00:09:35.569Z  INFO 445980 --- [greedy_cars] [  restartedMain] o.apache.catalina.core.StandardEngine    : Starting Servlet engine: [Apache Tomcat/10.1.44]
2025-11-05T00:09:35.575Z  INFO 445980 --- [greedy_cars] [  restartedMain] o.a.c.c.C.[Tomcat-3].[localhost].[/]     : Initializing Spring embedded WebApplicationContext
2025-11-05T00:09:35.575Z  INFO 445980 --- [greedy_cars] [  restartedMain] w.s.c.ServletWebServerApplicationContext : Root WebApplicationContext: initialization completed in 321 ms
2025-11-05T00:09:35.610Z  INFO 445980 --- [greedy_cars] [  restartedMain] o.hibernate.jpa.internal.util.LogHelper  : HHH000204: Processing PersistenceUnitInfo [name: default]
2025-11-05T00:09:35.612Z  INFO 445980 --- [greedy_cars] [  restartedMain] o.h.c.internal.RegionFactoryInitiator    : HHH000026: Second-level cache disabled
2025-11-05T00:09:35.618Z  INFO 445980 --- [greedy_cars] [  restartedMain] o.s.o.j.p.SpringPersistenceUnitInfo      : No LoadTimeWeaver setup: ignoring JPA class transformer
2025-11-05T00:09:35.618Z  INFO 445980 --- [greedy_cars] [  restartedMain] com.zaxxer.hikari.HikariDataSource       : HikariPool-17 - Starting...
2025-11-05T00:09:35.621Z  INFO 445980 --- [greedy_cars] [  restartedMain] com.zaxxer.hikari.pool.HikariPool        : HikariPool-17 - Added connection org.mariadb.jdbc.Connection@51f908a4
2025-11-05T00:09:35.621Z  INFO 445980 --- [greedy_cars] [  restartedMain] com.zaxxer.hikari.HikariDataSource       : HikariPool-17 - Start completed.
2025-11-05T00:09:35.621Z  WARN 445980 --- [greedy_cars] [  restartedMain] org.hibernate.dialect.Dialect            : HHH000511: The 10.3.39 version for [org.hibernate.dialect.MariaDBDialect] is no longer supported, hence certain features may not work properly. The minimum supported version is 10.4.0. Check the community dialects project for available legacy versions.
2025-11-05T00:09:35.622Z  WARN 445980 --- [greedy_cars] [  restartedMain] org.hibernate.orm.deprecation            : HHH90000025: MariaDBDialect does not need to be specified explicitly using 'hibernate.dialect' (remove the property setting and it will be selected by default)
2025-11-05T00:09:35.622Z  INFO 445980 --- [greedy_cars] [  restartedMain] org.hibernate.orm.connections.pooling    : HHH10001005: Database info:
	Database JDBC URL [Connecting through datasource 'HikariDataSource (HikariPool-17)']
	Database driver: undefined/unknown
	Database version: 10.3.39
	Autocommit mode: undefined/unknown
	Isolation level: undefined/unknown
	Minimum pool size: undefined/unknown
	Maximum pool size: undefined/unknown
2025-11-05T00:09:35.793Z  INFO 445980 --- [greedy_cars] [  restartedMain] o.h.e.t.j.p.i.JtaPlatformInitiator       : HHH000489: No JTA platform available (set 'hibernate.transaction.jta.platform' to enable JTA platform integration)
Hibernate: alter table contacto modify column tipo_contacto enum ('EMPRESA','LABORAL','PERSONAL') not null
Hibernate: alter table contacto_telefonico modify column tipo_telefono enum ('CELULAR','FIJO') not null
Hibernate: alter table documentacion modify column tipo_documentacion enum ('CARNET_DE_CONDUCIR','DOCUMENTO_IDENTIDAD') not null
Hibernate: alter table empleados modify column tipo_empleado enum ('ADMINISTRATIVO','JEFE')
Hibernate: alter table imagen modify column tipo_imagen enum ('PERSONA','VEHICULO') not null
Hibernate: alter table persona modify column tipo_documento enum ('CEDULA','DNI','LICENCIA','OTRO','PASAPORTE') not null
Hibernate: alter table usuario modify column rol enum ('ADMINISTRATIVO','CLIENTE','JEFE') not null
Hibernate: alter table vehiculo modify column estado_vehiculo enum ('ALQUILADO','DISPONIBLE') not null
2025-11-05T00:09:35.817Z  INFO 445980 --- [greedy_cars] [  restartedMain] j.LocalContainerEntityManagerFactoryBean : Initialized JPA EntityManagerFactory for persistence unit 'default'
2025-11-05T00:09:35.951Z  INFO 445980 --- [greedy_cars] [  restartedMain] eAuthenticationProviderManagerConfigurer : Global AuthenticationManager configured with AuthenticationProvider bean with name authenticationProvider
2025-11-05T00:09:35.951Z  WARN 445980 --- [greedy_cars] [  restartedMain] r$InitializeUserDetailsManagerConfigurer : Global AuthenticationManager configured with an AuthenticationProvider bean. UserDetailsService beans will not be used by Spring Security for automatically configuring username/password login. Consider removing the AuthenticationProvider bean. Alternatively, consider using the UserDetailsService in a manually instantiated DaoAuthenticationProvider. If the current configuration is intentional, to turn off this warning, increase the logging level of 'org.springframework.security.config.annotation.authentication.configuration.InitializeUserDetailsBeanManagerConfigurer' to ERROR
2025-11-05T00:09:36.170Z  WARN 445980 --- [greedy_cars] [  restartedMain] JpaBaseConfiguration$JpaWebConfiguration : spring.jpa.open-in-view is enabled by default. Therefore, database queries may be performed during view rendering. Explicitly configure spring.jpa.open-in-view to disable this warning
2025-11-05T00:09:36.275Z DEBUG 445980 --- [greedy_cars] [  restartedMain] o.s.s.web.DefaultSecurityFilterChain     : Will secure any request with filters: DisableEncodeUrlFilter, WebAsyncManagerIntegrationFilter, SecurityContextHolderFilter, HeaderWriterFilter, CorsFilter, LogoutFilter, JwtAuthenticationFilter, RequestCacheAwareFilter, SecurityContextHolderAwareRequestFilter, AnonymousAuthenticationFilter, SessionManagementFilter, ExceptionTranslationFilter, AuthorizationFilter
2025-11-05T00:09:36.321Z  INFO 445980 --- [greedy_cars] [  restartedMain] o.s.b.a.h2.H2ConsoleAutoConfiguration    : H2 console available at '/h2-console'. Database available at 'jdbc:mariadb://localhost:3307/greedy_cars_db?user=greedy_cars&password=***&useUnicode=true&serverTimezone=America/Argentina/Mendoza&characterEncoding=utf8'
2025-11-05T00:09:37.384Z  INFO 445980 --- [greedy_cars] [  restartedMain] o.s.b.d.a.OptionalLiveReloadServer       : LiveReload server is running on port 35729
2025-11-05T00:09:37.397Z  INFO 445980 --- [greedy_cars] [  restartedMain] o.s.b.w.embedded.tomcat.TomcatWebServer  : Tomcat started on port 9000 (http) with context path '/'
2025-11-05T00:09:37.403Z  INFO 445980 --- [greedy_cars] [  restartedMain] c.u.greedy_cars.GreedyCarsApplication    : Started GreedyCarsApplication in 2.17 seconds (process running for 1733.523)
Hibernate: select u1_0.id from usuario u1_0 where u1_0.nombre_usuario=? and not(u1_0.eliminado) limit ?
ℹ️  Usuario administrador ya existe en la base de datos
2025-11-05T00:09:37.428Z  INFO 445980 --- [greedy_cars] [  restartedMain] .ConditionEvaluationDeltaLoggingListener : Condition evaluation unchanged
2025-11-05T00:09:38.790Z  INFO 445980 --- [greedy_cars] [   File Watcher] rtingClassPathChangeChangedEventListener : Restarting due to 1 class path change (0 additions, 0 deletions, 1 modification)
2025-11-05T00:09:38.792Z  INFO 445980 --- [greedy_cars] [      Thread-65] o.s.b.w.e.tomcat.GracefulShutdown        : Commencing graceful shutdown. Waiting for active requests to complete
2025-11-05T00:09:38.793Z  INFO 445980 --- [greedy_cars] [tomcat-shutdown] o.s.b.w.e.tomcat.GracefulShutdown        : Graceful shutdown complete
2025-11-05T00:09:38.795Z  INFO 445980 --- [greedy_cars] [      Thread-65] j.LocalContainerEntityManagerFactoryBean : Closing JPA EntityManagerFactory for persistence unit 'default'
2025-11-05T00:09:38.796Z  INFO 445980 --- [greedy_cars] [      Thread-65] com.zaxxer.hikari.HikariDataSource       : HikariPool-17 - Shutdown initiated...
2025-11-05T00:09:38.798Z  INFO 445980 --- [greedy_cars] [      Thread-65] com.zaxxer.hikari.HikariDataSource       : HikariPool-17 - Shutdown completed.

  .   ____          _            __ _ _
 /\\ / ___'_ __ _ _(_)_ __  __ _ \ \ \ \
( ( )\___ | '_ | '_| | '_ \/ _` | \ \ \ \
 \\/  ___)| |_)| | | | | || (_| |  ) ) ) )
  '  |____| .__|_| |_|_| |_\__, | / / / /
 =========|_|==============|___/=/_/_/_/

 :: Spring Boot ::                (v3.5.5)

2025-11-05T00:09:38.914Z  INFO 445980 --- [greedy_cars] [  restartedMain] c.u.greedy_cars.GreedyCarsApplication    : Starting GreedyCarsApplication using Java 17.0.15 with PID 445980 (/srv/greedy/ingSoftII/SCRUM/integrador/greedy_cars/target/classes started by juli in /srv/greedy/ingSoftII/SCRUM/integrador/greedy_cars)
2025-11-05T00:09:38.914Z  INFO 445980 --- [greedy_cars] [  restartedMain] c.u.greedy_cars.GreedyCarsApplication    : No active profile set, falling back to 1 default profile: "default"
2025-11-05T00:09:39.083Z  INFO 445980 --- [greedy_cars] [  restartedMain] .s.d.r.c.RepositoryConfigurationDelegate : Bootstrapping Spring Data JPA repositories in DEFAULT mode.
2025-11-05T00:09:39.120Z  INFO 445980 --- [greedy_cars] [  restartedMain] .s.d.r.c.RepositoryConfigurationDelegate : Finished Spring Data repository scanning in 36 ms. Found 18 JPA repository interfaces.
2025-11-05T00:09:39.231Z  INFO 445980 --- [greedy_cars] [  restartedMain] o.s.b.w.embedded.tomcat.TomcatWebServer  : Tomcat initialized with port 9000 (http)
2025-11-05T00:09:39.232Z  INFO 445980 --- [greedy_cars] [  restartedMain] o.apache.catalina.core.StandardService   : Starting service [Tomcat]
2025-11-05T00:09:39.232Z  INFO 445980 --- [greedy_cars] [  restartedMain] o.apache.catalina.core.StandardEngine    : Starting Servlet engine: [Apache Tomcat/10.1.44]
2025-11-05T00:09:39.239Z  INFO 445980 --- [greedy_cars] [  restartedMain] o.a.c.c.C.[Tomcat-3].[localhost].[/]     : Initializing Spring embedded WebApplicationContext
2025-11-05T00:09:39.239Z  INFO 445980 --- [greedy_cars] [  restartedMain] w.s.c.ServletWebServerApplicationContext : Root WebApplicationContext: initialization completed in 323 ms
2025-11-05T00:09:39.273Z  INFO 445980 --- [greedy_cars] [  restartedMain] o.hibernate.jpa.internal.util.LogHelper  : HHH000204: Processing PersistenceUnitInfo [name: default]
2025-11-05T00:09:39.275Z  INFO 445980 --- [greedy_cars] [  restartedMain] o.h.c.internal.RegionFactoryInitiator    : HHH000026: Second-level cache disabled
2025-11-05T00:09:39.281Z  INFO 445980 --- [greedy_cars] [  restartedMain] o.s.o.j.p.SpringPersistenceUnitInfo      : No LoadTimeWeaver setup: ignoring JPA class transformer
2025-11-05T00:09:39.282Z  INFO 445980 --- [greedy_cars] [  restartedMain] com.zaxxer.hikari.HikariDataSource       : HikariPool-18 - Starting...
2025-11-05T00:09:39.284Z  INFO 445980 --- [greedy_cars] [  restartedMain] com.zaxxer.hikari.pool.HikariPool        : HikariPool-18 - Added connection org.mariadb.jdbc.Connection@35401b11
2025-11-05T00:09:39.284Z  INFO 445980 --- [greedy_cars] [  restartedMain] com.zaxxer.hikari.HikariDataSource       : HikariPool-18 - Start completed.
2025-11-05T00:09:39.285Z  WARN 445980 --- [greedy_cars] [  restartedMain] org.hibernate.dialect.Dialect            : HHH000511: The 10.3.39 version for [org.hibernate.dialect.MariaDBDialect] is no longer supported, hence certain features may not work properly. The minimum supported version is 10.4.0. Check the community dialects project for available legacy versions.
2025-11-05T00:09:39.285Z  WARN 445980 --- [greedy_cars] [  restartedMain] org.hibernate.orm.deprecation            : HHH90000025: MariaDBDialect does not need to be specified explicitly using 'hibernate.dialect' (remove the property setting and it will be selected by default)
2025-11-05T00:09:39.285Z  INFO 445980 --- [greedy_cars] [  restartedMain] org.hibernate.orm.connections.pooling    : HHH10001005: Database info:
	Database JDBC URL [Connecting through datasource 'HikariDataSource (HikariPool-18)']
	Database driver: undefined/unknown
	Database version: 10.3.39
	Autocommit mode: undefined/unknown
	Isolation level: undefined/unknown
	Minimum pool size: undefined/unknown
	Maximum pool size: undefined/unknown
2025-11-05T00:09:39.453Z  INFO 445980 --- [greedy_cars] [  restartedMain] o.h.e.t.j.p.i.JtaPlatformInitiator       : HHH000489: No JTA platform available (set 'hibernate.transaction.jta.platform' to enable JTA platform integration)
Hibernate: alter table contacto modify column tipo_contacto enum ('EMPRESA','LABORAL','PERSONAL') not null
Hibernate: alter table contacto_telefonico modify column tipo_telefono enum ('CELULAR','FIJO') not null
Hibernate: alter table documentacion modify column tipo_documentacion enum ('CARNET_DE_CONDUCIR','DOCUMENTO_IDENTIDAD') not null
Hibernate: alter table empleados modify column tipo_empleado enum ('ADMINISTRATIVO','JEFE')
Hibernate: alter table imagen modify column tipo_imagen enum ('PERSONA','VEHICULO') not null
Hibernate: alter table persona modify column tipo_documento enum ('CEDULA','DNI','LICENCIA','OTRO','PASAPORTE') not null
Hibernate: alter table usuario modify column rol enum ('ADMINISTRATIVO','CLIENTE','JEFE') not null
Hibernate: alter table vehiculo modify column estado_vehiculo enum ('ALQUILADO','DISPONIBLE') not null
2025-11-05T00:09:39.475Z  INFO 445980 --- [greedy_cars] [  restartedMain] j.LocalContainerEntityManagerFactoryBean : Initialized JPA EntityManagerFactory for persistence unit 'default'
2025-11-05T00:09:39.604Z  INFO 445980 --- [greedy_cars] [  restartedMain] eAuthenticationProviderManagerConfigurer : Global AuthenticationManager configured with AuthenticationProvider bean with name authenticationProvider
2025-11-05T00:09:39.604Z  WARN 445980 --- [greedy_cars] [  restartedMain] r$InitializeUserDetailsManagerConfigurer : Global AuthenticationManager configured with an AuthenticationProvider bean. UserDetailsService beans will not be used by Spring Security for automatically configuring username/password login. Consider removing the AuthenticationProvider bean. Alternatively, consider using the UserDetailsService in a manually instantiated DaoAuthenticationProvider. If the current configuration is intentional, to turn off this warning, increase the logging level of 'org.springframework.security.config.annotation.authentication.configuration.InitializeUserDetailsBeanManagerConfigurer' to ERROR
2025-11-05T00:09:39.835Z  WARN 445980 --- [greedy_cars] [  restartedMain] JpaBaseConfiguration$JpaWebConfiguration : spring.jpa.open-in-view is enabled by default. Therefore, database queries may be performed during view rendering. Explicitly configure spring.jpa.open-in-view to disable this warning
2025-11-05T00:09:39.943Z DEBUG 445980 --- [greedy_cars] [  restartedMain] o.s.s.web.DefaultSecurityFilterChain     : Will secure any request with filters: DisableEncodeUrlFilter, WebAsyncManagerIntegrationFilter, SecurityContextHolderFilter, HeaderWriterFilter, CorsFilter, LogoutFilter, JwtAuthenticationFilter, RequestCacheAwareFilter, SecurityContextHolderAwareRequestFilter, AnonymousAuthenticationFilter, SessionManagementFilter, ExceptionTranslationFilter, AuthorizationFilter
2025-11-05T00:09:39.990Z  INFO 445980 --- [greedy_cars] [  restartedMain] o.s.b.a.h2.H2ConsoleAutoConfiguration    : H2 console available at '/h2-console'. Database available at 'jdbc:mariadb://localhost:3307/greedy_cars_db?user=greedy_cars&password=***&useUnicode=true&serverTimezone=America/Argentina/Mendoza&characterEncoding=utf8'
2025-11-05T00:09:40.607Z  INFO 445980 --- [greedy_cars] [  restartedMain] o.s.b.d.a.OptionalLiveReloadServer       : LiveReload server is running on port 35729
2025-11-05T00:09:40.619Z  INFO 445980 --- [greedy_cars] [  restartedMain] o.s.b.w.embedded.tomcat.TomcatWebServer  : Tomcat started on port 9000 (http) with context path '/'
2025-11-05T00:09:40.624Z  INFO 445980 --- [greedy_cars] [  restartedMain] c.u.greedy_cars.GreedyCarsApplication    : Started GreedyCarsApplication in 1.731 seconds (process running for 1736.745)
Hibernate: select u1_0.id from usuario u1_0 where u1_0.nombre_usuario=? and not(u1_0.eliminado) limit ?
ℹ️  Usuario administrador ya existe en la base de datos
2025-11-05T00:09:40.651Z  INFO 445980 --- [greedy_cars] [  restartedMain] .ConditionEvaluationDeltaLoggingListener : Condition evaluation unchanged
2025-11-05T00:09:44.018Z  INFO 445980 --- [greedy_cars] [   File Watcher] rtingClassPathChangeChangedEventListener : Restarting due to 1 class path change (0 additions, 0 deletions, 1 modification)
2025-11-05T00:09:44.019Z  INFO 445980 --- [greedy_cars] [      Thread-69] o.s.b.w.e.tomcat.GracefulShutdown        : Commencing graceful shutdown. Waiting for active requests to complete
2025-11-05T00:09:44.020Z  INFO 445980 --- [greedy_cars] [tomcat-shutdown] o.s.b.w.e.tomcat.GracefulShutdown        : Graceful shutdown complete
2025-11-05T00:09:44.023Z  INFO 445980 --- [greedy_cars] [      Thread-69] j.LocalContainerEntityManagerFactoryBean : Closing JPA EntityManagerFactory for persistence unit 'default'
2025-11-05T00:09:44.023Z  INFO 445980 --- [greedy_cars] [      Thread-69] com.zaxxer.hikari.HikariDataSource       : HikariPool-18 - Shutdown initiated...
2025-11-05T00:09:44.025Z  INFO 445980 --- [greedy_cars] [      Thread-69] com.zaxxer.hikari.HikariDataSource       : HikariPool-18 - Shutdown completed.

  .   ____          _            __ _ _
 /\\ / ___'_ __ _ _(_)_ __  __ _ \ \ \ \
( ( )\___ | '_ | '_| | '_ \/ _` | \ \ \ \
 \\/  ___)| |_)| | | | | || (_| |  ) ) ) )
  '  |____| .__|_| |_|_| |_\__, | / / / /
 =========|_|==============|___/=/_/_/_/

 :: Spring Boot ::                (v3.5.5)

2025-11-05T00:09:44.141Z  INFO 445980 --- [greedy_cars] [  restartedMain] c.u.greedy_cars.GreedyCarsApplication    : Starting GreedyCarsApplication using Java 17.0.15 with PID 445980 (/srv/greedy/ingSoftII/SCRUM/integrador/greedy_cars/target/classes started by juli in /srv/greedy/ingSoftII/SCRUM/integrador/greedy_cars)
2025-11-05T00:09:44.141Z  INFO 445980 --- [greedy_cars] [  restartedMain] c.u.greedy_cars.GreedyCarsApplication    : No active profile set, falling back to 1 default profile: "default"
2025-11-05T00:09:44.318Z  INFO 445980 --- [greedy_cars] [  restartedMain] .s.d.r.c.RepositoryConfigurationDelegate : Bootstrapping Spring Data JPA repositories in DEFAULT mode.
2025-11-05T00:09:44.353Z  INFO 445980 --- [greedy_cars] [  restartedMain] .s.d.r.c.RepositoryConfigurationDelegate : Finished Spring Data repository scanning in 34 ms. Found 18 JPA repository interfaces.
2025-11-05T00:09:44.463Z  INFO 445980 --- [greedy_cars] [  restartedMain] o.s.b.w.embedded.tomcat.TomcatWebServer  : Tomcat initialized with port 9000 (http)
2025-11-05T00:09:44.463Z  INFO 445980 --- [greedy_cars] [  restartedMain] o.apache.catalina.core.StandardService   : Starting service [Tomcat]
2025-11-05T00:09:44.463Z  INFO 445980 --- [greedy_cars] [  restartedMain] o.apache.catalina.core.StandardEngine    : Starting Servlet engine: [Apache Tomcat/10.1.44]
2025-11-05T00:09:44.470Z  INFO 445980 --- [greedy_cars] [  restartedMain] o.a.c.c.C.[Tomcat-3].[localhost].[/]     : Initializing Spring embedded WebApplicationContext
2025-11-05T00:09:44.470Z  INFO 445980 --- [greedy_cars] [  restartedMain] w.s.c.ServletWebServerApplicationContext : Root WebApplicationContext: initialization completed in 327 ms
2025-11-05T00:09:44.505Z  INFO 445980 --- [greedy_cars] [  restartedMain] o.hibernate.jpa.internal.util.LogHelper  : HHH000204: Processing PersistenceUnitInfo [name: default]
2025-11-05T00:09:44.506Z  INFO 445980 --- [greedy_cars] [  restartedMain] o.h.c.internal.RegionFactoryInitiator    : HHH000026: Second-level cache disabled
2025-11-05T00:09:44.512Z  INFO 445980 --- [greedy_cars] [  restartedMain] o.s.o.j.p.SpringPersistenceUnitInfo      : No LoadTimeWeaver setup: ignoring JPA class transformer
2025-11-05T00:09:44.512Z  INFO 445980 --- [greedy_cars] [  restartedMain] com.zaxxer.hikari.HikariDataSource       : HikariPool-19 - Starting...
2025-11-05T00:09:44.515Z  INFO 445980 --- [greedy_cars] [  restartedMain] com.zaxxer.hikari.pool.HikariPool        : HikariPool-19 - Added connection org.mariadb.jdbc.Connection@11594aaa
2025-11-05T00:09:44.515Z  INFO 445980 --- [greedy_cars] [  restartedMain] com.zaxxer.hikari.HikariDataSource       : HikariPool-19 - Start completed.
2025-11-05T00:09:44.516Z  WARN 445980 --- [greedy_cars] [  restartedMain] org.hibernate.dialect.Dialect            : HHH000511: The 10.3.39 version for [org.hibernate.dialect.MariaDBDialect] is no longer supported, hence certain features may not work properly. The minimum supported version is 10.4.0. Check the community dialects project for available legacy versions.
2025-11-05T00:09:44.516Z  WARN 445980 --- [greedy_cars] [  restartedMain] org.hibernate.orm.deprecation            : HHH90000025: MariaDBDialect does not need to be specified explicitly using 'hibernate.dialect' (remove the property setting and it will be selected by default)
2025-11-05T00:09:44.516Z  INFO 445980 --- [greedy_cars] [  restartedMain] org.hibernate.orm.connections.pooling    : HHH10001005: Database info:
	Database JDBC URL [Connecting through datasource 'HikariDataSource (HikariPool-19)']
	Database driver: undefined/unknown
	Database version: 10.3.39
	Autocommit mode: undefined/unknown
	Isolation level: undefined/unknown
	Minimum pool size: undefined/unknown
	Maximum pool size: undefined/unknown
2025-11-05T00:09:44.699Z  INFO 445980 --- [greedy_cars] [  restartedMain] o.h.e.t.j.p.i.JtaPlatformInitiator       : HHH000489: No JTA platform available (set 'hibernate.transaction.jta.platform' to enable JTA platform integration)
Hibernate: alter table contacto modify column tipo_contacto enum ('EMPRESA','LABORAL','PERSONAL') not null
Hibernate: alter table contacto_telefonico modify column tipo_telefono enum ('CELULAR','FIJO') not null
Hibernate: alter table documentacion modify column tipo_documentacion enum ('CARNET_DE_CONDUCIR','DOCUMENTO_IDENTIDAD') not null
Hibernate: alter table empleados modify column tipo_empleado enum ('ADMINISTRATIVO','JEFE')
Hibernate: alter table imagen modify column tipo_imagen enum ('PERSONA','VEHICULO') not null
Hibernate: alter table persona modify column tipo_documento enum ('CEDULA','DNI','LICENCIA','OTRO','PASAPORTE') not null
Hibernate: alter table usuario modify column rol enum ('ADMINISTRATIVO','CLIENTE','JEFE') not null
Hibernate: alter table vehiculo modify column estado_vehiculo enum ('ALQUILADO','DISPONIBLE') not null
2025-11-05T00:09:44.726Z  INFO 445980 --- [greedy_cars] [  restartedMain] j.LocalContainerEntityManagerFactoryBean : Initialized JPA EntityManagerFactory for persistence unit 'default'
2025-11-05T00:09:44.873Z  INFO 445980 --- [greedy_cars] [  restartedMain] eAuthenticationProviderManagerConfigurer : Global AuthenticationManager configured with AuthenticationProvider bean with name authenticationProvider
2025-11-05T00:09:44.874Z  WARN 445980 --- [greedy_cars] [  restartedMain] r$InitializeUserDetailsManagerConfigurer : Global AuthenticationManager configured with an AuthenticationProvider bean. UserDetailsService beans will not be used by Spring Security for automatically configuring username/password login. Consider removing the AuthenticationProvider bean. Alternatively, consider using the UserDetailsService in a manually instantiated DaoAuthenticationProvider. If the current configuration is intentional, to turn off this warning, increase the logging level of 'org.springframework.security.config.annotation.authentication.configuration.InitializeUserDetailsBeanManagerConfigurer' to ERROR
2025-11-05T00:09:45.121Z  WARN 445980 --- [greedy_cars] [  restartedMain] JpaBaseConfiguration$JpaWebConfiguration : spring.jpa.open-in-view is enabled by default. Therefore, database queries may be performed during view rendering. Explicitly configure spring.jpa.open-in-view to disable this warning
2025-11-05T00:09:45.218Z DEBUG 445980 --- [greedy_cars] [  restartedMain] o.s.s.web.DefaultSecurityFilterChain     : Will secure any request with filters: DisableEncodeUrlFilter, WebAsyncManagerIntegrationFilter, SecurityContextHolderFilter, HeaderWriterFilter, CorsFilter, LogoutFilter, JwtAuthenticationFilter, RequestCacheAwareFilter, SecurityContextHolderAwareRequestFilter, AnonymousAuthenticationFilter, SessionManagementFilter, ExceptionTranslationFilter, AuthorizationFilter
2025-11-05T00:09:45.267Z  INFO 445980 --- [greedy_cars] [  restartedMain] o.s.b.a.h2.H2ConsoleAutoConfiguration    : H2 console available at '/h2-console'. Database available at 'jdbc:mariadb://localhost:3307/greedy_cars_db?user=greedy_cars&password=***&useUnicode=true&serverTimezone=America/Argentina/Mendoza&characterEncoding=utf8'
2025-11-05T00:09:47.604Z  INFO 445980 --- [greedy_cars] [  restartedMain] o.s.b.d.a.OptionalLiveReloadServer       : LiveReload server is running on port 35729
2025-11-05T00:09:47.617Z  INFO 445980 --- [greedy_cars] [  restartedMain] o.s.b.w.embedded.tomcat.TomcatWebServer  : Tomcat started on port 9000 (http) with context path '/'
2025-11-05T00:09:47.623Z  INFO 445980 --- [greedy_cars] [  restartedMain] c.u.greedy_cars.GreedyCarsApplication    : Started GreedyCarsApplication in 3.498 seconds (process running for 1743.743)
Hibernate: select u1_0.id from usuario u1_0 where u1_0.nombre_usuario=? and not(u1_0.eliminado) limit ?
ℹ️  Usuario administrador ya existe en la base de datos
2025-11-05T00:09:47.651Z  INFO 445980 --- [greedy_cars] [  restartedMain] .ConditionEvaluationDeltaLoggingListener : Condition evaluation unchanged
2025-11-05T00:10:03.443Z  INFO 445980 --- [greedy_cars] [   File Watcher] rtingClassPathChangeChangedEventListener : Restarting due to 139 class path changes (0 additions, 138 deletions, 1 modification)
2025-11-05T00:10:03.449Z  INFO 445980 --- [greedy_cars] [      Thread-73] o.s.b.w.e.tomcat.GracefulShutdown        : Commencing graceful shutdown. Waiting for active requests to complete
2025-11-05T00:10:03.456Z  INFO 445980 --- [greedy_cars] [tomcat-shutdown] o.s.b.w.e.tomcat.GracefulShutdown        : Graceful shutdown complete
2025-11-05T00:10:03.461Z  INFO 445980 --- [greedy_cars] [      Thread-73] j.LocalContainerEntityManagerFactoryBean : Closing JPA EntityManagerFactory for persistence unit 'default'
2025-11-05T00:10:03.463Z  INFO 445980 --- [greedy_cars] [      Thread-73] com.zaxxer.hikari.HikariDataSource       : HikariPool-19 - Shutdown initiated...
2025-11-05T00:10:03.466Z  INFO 445980 --- [greedy_cars] [      Thread-73] com.zaxxer.hikari.HikariDataSource       : HikariPool-19 - Shutdown completed.

  .   ____          _            __ _ _
 /\\ / ___'_ __ _ _(_)_ __  __ _ \ \ \ \
( ( )\___ | '_ | '_| | '_ \/ _` | \ \ \ \
 \\/  ___)| |_)| | | | | || (_| |  ) ) ) )
  '  |____| .__|_| |_|_| |_\__, | / / / /
 =========|_|==============|___/=/_/_/_/

 :: Spring Boot ::                (v3.5.5)

2025-11-05T00:10:03.655Z  INFO 445980 --- [greedy_cars] [  restartedMain] c.u.greedy_cars.GreedyCarsApplication    : Starting GreedyCarsApplication using Java 17.0.15 with PID 445980 (/srv/greedy/ingSoftII/SCRUM/integrador/greedy_cars/target/classes started by juli in /srv/greedy/ingSoftII/SCRUM/integrador/greedy_cars)
2025-11-05T00:10:03.655Z  INFO 445980 --- [greedy_cars] [  restartedMain] c.u.greedy_cars.GreedyCarsApplication    : No active profile set, falling back to 1 default profile: "default"
2025-11-05T00:10:03.789Z  INFO 445980 --- [greedy_cars] [  restartedMain] .s.d.r.c.RepositoryConfigurationDelegate : Bootstrapping Spring Data JPA repositories in DEFAULT mode.
2025-11-05T00:10:03.790Z  INFO 445980 --- [greedy_cars] [  restartedMain] .s.d.r.c.RepositoryConfigurationDelegate : Finished Spring Data repository scanning in 0 ms. Found 0 JPA repository interfaces.
2025-11-05T00:10:03.875Z  INFO 445980 --- [greedy_cars] [  restartedMain] o.s.b.w.embedded.tomcat.TomcatWebServer  : Tomcat initialized with port 9000 (http)
2025-11-05T00:10:03.877Z  INFO 445980 --- [greedy_cars] [  restartedMain] o.apache.catalina.core.StandardService   : Starting service [Tomcat]
2025-11-05T00:10:03.879Z  INFO 445980 --- [greedy_cars] [  restartedMain] o.apache.catalina.core.StandardEngine    : Starting Servlet engine: [Apache Tomcat/10.1.44]
2025-11-05T00:10:03.887Z  INFO 445980 --- [greedy_cars] [  restartedMain] o.a.c.c.C.[Tomcat-3].[localhost].[/]     : Initializing Spring embedded WebApplicationContext
2025-11-05T00:10:03.888Z  INFO 445980 --- [greedy_cars] [  restartedMain] w.s.c.ServletWebServerApplicationContext : Root WebApplicationContext: initialization completed in 231 ms
2025-11-05T00:10:03.928Z  INFO 445980 --- [greedy_cars] [  restartedMain] o.hibernate.jpa.internal.util.LogHelper  : HHH000204: Processing PersistenceUnitInfo [name: default]
2025-11-05T00:10:03.931Z  INFO 445980 --- [greedy_cars] [  restartedMain] o.h.c.internal.RegionFactoryInitiator    : HHH000026: Second-level cache disabled
2025-11-05T00:10:03.937Z  INFO 445980 --- [greedy_cars] [  restartedMain] o.s.o.j.p.SpringPersistenceUnitInfo      : No LoadTimeWeaver setup: ignoring JPA class transformer
2025-11-05T00:10:03.940Z  INFO 445980 --- [greedy_cars] [  restartedMain] com.zaxxer.hikari.HikariDataSource       : HikariPool-20 - Starting...
2025-11-05T00:10:03.943Z  INFO 445980 --- [greedy_cars] [  restartedMain] com.zaxxer.hikari.pool.HikariPool        : HikariPool-20 - Added connection org.mariadb.jdbc.Connection@13d39fc4
2025-11-05T00:10:03.943Z  INFO 445980 --- [greedy_cars] [  restartedMain] com.zaxxer.hikari.HikariDataSource       : HikariPool-20 - Start completed.
2025-11-05T00:10:03.944Z  WARN 445980 --- [greedy_cars] [  restartedMain] org.hibernate.dialect.Dialect            : HHH000511: The 10.3.39 version for [org.hibernate.dialect.MariaDBDialect] is no longer supported, hence certain features may not work properly. The minimum supported version is 10.4.0. Check the community dialects project for available legacy versions.
2025-11-05T00:10:03.944Z  WARN 445980 --- [greedy_cars] [  restartedMain] org.hibernate.orm.deprecation            : HHH90000025: MariaDBDialect does not need to be specified explicitly using 'hibernate.dialect' (remove the property setting and it will be selected by default)
2025-11-05T00:10:03.946Z  INFO 445980 --- [greedy_cars] [  restartedMain] org.hibernate.orm.connections.pooling    : HHH10001005: Database info:
	Database JDBC URL [Connecting through datasource 'HikariDataSource (HikariPool-20)']
	Database driver: undefined/unknown
	Database version: 10.3.39
	Autocommit mode: undefined/unknown
	Isolation level: undefined/unknown
	Minimum pool size: undefined/unknown
	Maximum pool size: undefined/unknown
2025-11-05T00:10:03.961Z  INFO 445980 --- [greedy_cars] [  restartedMain] o.h.e.t.j.p.i.JtaPlatformInitiator       : HHH000489: No JTA platform available (set 'hibernate.transaction.jta.platform' to enable JTA platform integration)
2025-11-05T00:10:03.962Z  INFO 445980 --- [greedy_cars] [  restartedMain] j.LocalContainerEntityManagerFactoryBean : Initialized JPA EntityManagerFactory for persistence unit 'default'
2025-11-05T00:10:03.982Z  WARN 445980 --- [greedy_cars] [  restartedMain] JpaBaseConfiguration$JpaWebConfiguration : spring.jpa.open-in-view is enabled by default. Therefore, database queries may be performed during view rendering. Explicitly configure spring.jpa.open-in-view to disable this warning
2025-11-05T00:10:04.069Z  INFO 445980 --- [greedy_cars] [  restartedMain] o.s.b.a.h2.H2ConsoleAutoConfiguration    : H2 console available at '/h2-console'. Database available at 'jdbc:mariadb://localhost:3307/greedy_cars_db?user=greedy_cars&password=***&useUnicode=true&serverTimezone=America/Argentina/Mendoza&characterEncoding=utf8'
2025-11-05T00:10:04.095Z DEBUG 445980 --- [greedy_cars] [  restartedMain] swordEncoderAuthenticationManagerBuilder : No authenticationProviders and no parentAuthenticationManager defined. Returning null.
2025-11-05T00:10:04.113Z DEBUG 445980 --- [greedy_cars] [  restartedMain] o.s.s.web.DefaultSecurityFilterChain     : Will secure any request with filters: DisableEncodeUrlFilter, WebAsyncManagerIntegrationFilter, SecurityContextHolderFilter, HeaderWriterFilter, CsrfFilter, LogoutFilter, UsernamePasswordAuthenticationFilter, DefaultResourcesFilter, DefaultLoginPageGeneratingFilter, DefaultLogoutPageGeneratingFilter, BasicAuthenticationFilter, RequestCacheAwareFilter, SecurityContextHolderAwareRequestFilter, AnonymousAuthenticationFilter, ExceptionTranslationFilter, AuthorizationFilter
2025-11-05T00:10:04.381Z  INFO 445980 --- [greedy_cars] [  restartedMain] o.s.b.d.a.OptionalLiveReloadServer       : LiveReload server is running on port 35729
2025-11-05T00:10:04.400Z  INFO 445980 --- [greedy_cars] [  restartedMain] o.s.b.w.embedded.tomcat.TomcatWebServer  : Tomcat started on port 9000 (http) with context path '/'
2025-11-05T00:10:04.407Z  INFO 445980 --- [greedy_cars] [  restartedMain] c.u.greedy_cars.GreedyCarsApplication    : Started GreedyCarsApplication in 0.78 seconds (process running for 1760.527)
2025-11-05T00:10:04.412Z  INFO 445980 --- [greedy_cars] [  restartedMain] .ConditionEvaluationDeltaLoggingListener : Condition evaluation delta:


==========================
CONDITION EVALUATION DELTA
==========================


Positive matches:
-----------------

   OAuth2ResourceServerJwtConfiguration.OAuth2SecurityFilterChainConfiguration matched:
      - AllNestedConditions 2 matched 0 did not; NestedCondition on DefaultWebSecurityCondition.Beans @ConditionalOnMissingBean (types: org.springframework.security.web.SecurityFilterChain; SearchStrategy: all) did not find any beans; NestedCondition on DefaultWebSecurityCondition.Classes @ConditionalOnClass found required classes 'org.springframework.security.web.SecurityFilterChain', 'org.springframework.security.config.annotation.web.builders.HttpSecurity' (DefaultWebSecurityCondition)

   OAuth2ResourceServerOpaqueTokenConfiguration.OAuth2SecurityFilterChainConfiguration matched:
      - AllNestedConditions 2 matched 0 did not; NestedCondition on DefaultWebSecurityCondition.Beans @ConditionalOnMissingBean (types: org.springframework.security.web.SecurityFilterChain; SearchStrategy: all) did not find any beans; NestedCondition on DefaultWebSecurityCondition.Classes @ConditionalOnClass found required classes 'org.springframework.security.web.SecurityFilterChain', 'org.springframework.security.config.annotation.web.builders.HttpSecurity' (DefaultWebSecurityCondition)

   SpringBootWebSecurityConfiguration.SecurityFilterChainConfiguration matched:
      - AllNestedConditions 2 matched 0 did not; NestedCondition on DefaultWebSecurityCondition.Beans @ConditionalOnMissingBean (types: org.springframework.security.web.SecurityFilterChain; SearchStrategy: all) did not find any beans; NestedCondition on DefaultWebSecurityCondition.Classes @ConditionalOnClass found required classes 'org.springframework.security.web.SecurityFilterChain', 'org.springframework.security.config.annotation.web.builders.HttpSecurity' (DefaultWebSecurityCondition)

   SpringBootWebSecurityConfiguration.WebSecurityEnablerConfiguration matched:
      - @ConditionalOnClass found required class 'org.springframework.security.config.annotation.web.configuration.EnableWebSecurity' (OnClassCondition)
      - @ConditionalOnMissingBean (names: springSecurityFilterChain; SearchStrategy: all) did not find any beans (OnBeanCondition)


Negative matches:
-----------------

   OAuth2ResourceServerJwtConfiguration.OAuth2SecurityFilterChainConfiguration#jwtSecurityFilterChain:
      Did not match:
         - @ConditionalOnBean (types: org.springframework.security.oauth2.jwt.JwtDecoder; SearchStrategy: all) did not find any beans of type org.springframework.security.oauth2.jwt.JwtDecoder (OnBeanCondition)

   OAuth2ResourceServerOpaqueTokenConfiguration.OAuth2SecurityFilterChainConfiguration#opaqueTokenSecurityFilterChain:
      Did not match:
         - @ConditionalOnBean (types: org.springframework.security.oauth2.server.resource.introspection.OpaqueTokenIntrospector; SearchStrategy: all) did not find any beans of type org.springframework.security.oauth2.server.resource.introspection.OpaqueTokenIntrospector (OnBeanCondition)


Exclusions:
-----------

    None


Unconditional classes:
----------------------

    None



2025-11-05T00:10:10.598Z  INFO 445980 --- [greedy_cars] [   File Watcher] rtingClassPathChangeChangedEventListener : Restarting due to 138 class path changes (138 additions, 0 deletions, 0 modifications)
2025-11-05T00:10:10.605Z  INFO 445980 --- [greedy_cars] [      Thread-77] o.s.b.w.e.tomcat.GracefulShutdown        : Commencing graceful shutdown. Waiting for active requests to complete
2025-11-05T00:10:10.608Z  INFO 445980 --- [greedy_cars] [tomcat-shutdown] o.s.b.w.e.tomcat.GracefulShutdown        : Graceful shutdown complete
2025-11-05T00:10:10.610Z  INFO 445980 --- [greedy_cars] [      Thread-77] j.LocalContainerEntityManagerFactoryBean : Closing JPA EntityManagerFactory for persistence unit 'default'
2025-11-05T00:10:10.611Z  INFO 445980 --- [greedy_cars] [      Thread-77] com.zaxxer.hikari.HikariDataSource       : HikariPool-20 - Shutdown initiated...
2025-11-05T00:10:10.614Z  INFO 445980 --- [greedy_cars] [      Thread-77] com.zaxxer.hikari.HikariDataSource       : HikariPool-20 - Shutdown completed.

  .   ____          _            __ _ _
 /\\ / ___'_ __ _ _(_)_ __  __ _ \ \ \ \
( ( )\___ | '_ | '_| | '_ \/ _` | \ \ \ \
 \\/  ___)| |_)| | | | | || (_| |  ) ) ) )
  '  |____| .__|_| |_|_| |_\__, | / / / /
 =========|_|==============|___/=/_/_/_/

 :: Spring Boot ::                (v3.5.5)

2025-11-05T00:10:10.800Z  INFO 445980 --- [greedy_cars] [  restartedMain] c.u.greedy_cars.GreedyCarsApplication    : Starting GreedyCarsApplication using Java 17.0.15 with PID 445980 (/srv/greedy/ingSoftII/SCRUM/integrador/greedy_cars/target/classes started by juli in /srv/greedy/ingSoftII/SCRUM/integrador/greedy_cars)
2025-11-05T00:10:10.800Z  INFO 445980 --- [greedy_cars] [  restartedMain] c.u.greedy_cars.GreedyCarsApplication    : No active profile set, falling back to 1 default profile: "default"
2025-11-05T00:10:10.990Z  INFO 445980 --- [greedy_cars] [  restartedMain] .s.d.r.c.RepositoryConfigurationDelegate : Bootstrapping Spring Data JPA repositories in DEFAULT mode.
2025-11-05T00:10:11.027Z  INFO 445980 --- [greedy_cars] [  restartedMain] .s.d.r.c.RepositoryConfigurationDelegate : Finished Spring Data repository scanning in 36 ms. Found 18 JPA repository interfaces.
2025-11-05T00:10:11.144Z  INFO 445980 --- [greedy_cars] [  restartedMain] o.s.b.w.embedded.tomcat.TomcatWebServer  : Tomcat initialized with port 9000 (http)
2025-11-05T00:10:11.145Z  INFO 445980 --- [greedy_cars] [  restartedMain] o.apache.catalina.core.StandardService   : Starting service [Tomcat]
2025-11-05T00:10:11.145Z  INFO 445980 --- [greedy_cars] [  restartedMain] o.apache.catalina.core.StandardEngine    : Starting Servlet engine: [Apache Tomcat/10.1.44]
2025-11-05T00:10:11.152Z  INFO 445980 --- [greedy_cars] [  restartedMain] o.a.c.c.C.[Tomcat-3].[localhost].[/]     : Initializing Spring embedded WebApplicationContext
2025-11-05T00:10:11.153Z  INFO 445980 --- [greedy_cars] [  restartedMain] w.s.c.ServletWebServerApplicationContext : Root WebApplicationContext: initialization completed in 351 ms
2025-11-05T00:10:11.188Z  INFO 445980 --- [greedy_cars] [  restartedMain] o.hibernate.jpa.internal.util.LogHelper  : HHH000204: Processing PersistenceUnitInfo [name: default]
2025-11-05T00:10:11.190Z  INFO 445980 --- [greedy_cars] [  restartedMain] o.h.c.internal.RegionFactoryInitiator    : HHH000026: Second-level cache disabled
2025-11-05T00:10:11.196Z  INFO 445980 --- [greedy_cars] [  restartedMain] o.s.o.j.p.SpringPersistenceUnitInfo      : No LoadTimeWeaver setup: ignoring JPA class transformer
2025-11-05T00:10:11.197Z  INFO 445980 --- [greedy_cars] [  restartedMain] com.zaxxer.hikari.HikariDataSource       : HikariPool-21 - Starting...
2025-11-05T00:10:11.210Z  INFO 445980 --- [greedy_cars] [  restartedMain] com.zaxxer.hikari.pool.HikariPool        : HikariPool-21 - Added connection org.mariadb.jdbc.Connection@43902478
2025-11-05T00:10:11.210Z  INFO 445980 --- [greedy_cars] [  restartedMain] com.zaxxer.hikari.HikariDataSource       : HikariPool-21 - Start completed.
2025-11-05T00:10:11.211Z  WARN 445980 --- [greedy_cars] [  restartedMain] org.hibernate.dialect.Dialect            : HHH000511: The 10.3.39 version for [org.hibernate.dialect.MariaDBDialect] is no longer supported, hence certain features may not work properly. The minimum supported version is 10.4.0. Check the community dialects project for available legacy versions.
2025-11-05T00:10:11.211Z  WARN 445980 --- [greedy_cars] [  restartedMain] org.hibernate.orm.deprecation            : HHH90000025: MariaDBDialect does not need to be specified explicitly using 'hibernate.dialect' (remove the property setting and it will be selected by default)
2025-11-05T00:10:11.212Z  INFO 445980 --- [greedy_cars] [  restartedMain] org.hibernate.orm.connections.pooling    : HHH10001005: Database info:
	Database JDBC URL [Connecting through datasource 'HikariDataSource (HikariPool-21)']
	Database driver: undefined/unknown
	Database version: 10.3.39
	Autocommit mode: undefined/unknown
	Isolation level: undefined/unknown
	Minimum pool size: undefined/unknown
	Maximum pool size: undefined/unknown
2025-11-05T00:10:11.448Z  INFO 445980 --- [greedy_cars] [  restartedMain] o.h.e.t.j.p.i.JtaPlatformInitiator       : HHH000489: No JTA platform available (set 'hibernate.transaction.jta.platform' to enable JTA platform integration)
Hibernate: alter table contacto modify column tipo_contacto enum ('EMPRESA','LABORAL','PERSONAL') not null
Hibernate: alter table contacto_telefonico modify column tipo_telefono enum ('CELULAR','FIJO') not null
Hibernate: alter table documentacion modify column tipo_documentacion enum ('CARNET_DE_CONDUCIR','DOCUMENTO_IDENTIDAD') not null
Hibernate: alter table empleados modify column tipo_empleado enum ('ADMINISTRATIVO','JEFE')
Hibernate: alter table imagen modify column tipo_imagen enum ('PERSONA','VEHICULO') not null
Hibernate: alter table persona modify column tipo_documento enum ('CEDULA','DNI','LICENCIA','OTRO','PASAPORTE') not null
Hibernate: alter table usuario modify column rol enum ('ADMINISTRATIVO','CLIENTE','JEFE') not null
Hibernate: alter table vehiculo modify column estado_vehiculo enum ('ALQUILADO','DISPONIBLE') not null
2025-11-05T00:10:11.478Z  INFO 445980 --- [greedy_cars] [  restartedMain] j.LocalContainerEntityManagerFactoryBean : Initialized JPA EntityManagerFactory for persistence unit 'default'
2025-11-05T00:10:11.645Z  INFO 445980 --- [greedy_cars] [  restartedMain] eAuthenticationProviderManagerConfigurer : Global AuthenticationManager configured with AuthenticationProvider bean with name authenticationProvider
2025-11-05T00:10:11.646Z  WARN 445980 --- [greedy_cars] [  restartedMain] r$InitializeUserDetailsManagerConfigurer : Global AuthenticationManager configured with an AuthenticationProvider bean. UserDetailsService beans will not be used by Spring Security for automatically configuring username/password login. Consider removing the AuthenticationProvider bean. Alternatively, consider using the UserDetailsService in a manually instantiated DaoAuthenticationProvider. If the current configuration is intentional, to turn off this warning, increase the logging level of 'org.springframework.security.config.annotation.authentication.configuration.InitializeUserDetailsBeanManagerConfigurer' to ERROR
2025-11-05T00:10:12.012Z  WARN 445980 --- [greedy_cars] [  restartedMain] JpaBaseConfiguration$JpaWebConfiguration : spring.jpa.open-in-view is enabled by default. Therefore, database queries may be performed during view rendering. Explicitly configure spring.jpa.open-in-view to disable this warning
2025-11-05T00:10:12.121Z DEBUG 445980 --- [greedy_cars] [  restartedMain] o.s.s.web.DefaultSecurityFilterChain     : Will secure any request with filters: DisableEncodeUrlFilter, WebAsyncManagerIntegrationFilter, SecurityContextHolderFilter, HeaderWriterFilter, CorsFilter, LogoutFilter, JwtAuthenticationFilter, RequestCacheAwareFilter, SecurityContextHolderAwareRequestFilter, AnonymousAuthenticationFilter, SessionManagementFilter, ExceptionTranslationFilter, AuthorizationFilter
2025-11-05T00:10:12.182Z  INFO 445980 --- [greedy_cars] [  restartedMain] o.s.b.a.h2.H2ConsoleAutoConfiguration    : H2 console available at '/h2-console'. Database available at 'jdbc:mariadb://localhost:3307/greedy_cars_db?user=greedy_cars&password=***&useUnicode=true&serverTimezone=America/Argentina/Mendoza&characterEncoding=utf8'
2025-11-05T00:10:12.848Z  INFO 445980 --- [greedy_cars] [  restartedMain] o.s.b.d.a.OptionalLiveReloadServer       : LiveReload server is running on port 35729
2025-11-05T00:10:12.884Z  INFO 445980 --- [greedy_cars] [  restartedMain] o.s.b.w.embedded.tomcat.TomcatWebServer  : Tomcat started on port 9000 (http) with context path '/'
2025-11-05T00:10:12.889Z  INFO 445980 --- [greedy_cars] [  restartedMain] c.u.greedy_cars.GreedyCarsApplication    : Started GreedyCarsApplication in 2.109 seconds (process running for 1769.009)
Hibernate: select u1_0.id from usuario u1_0 where u1_0.nombre_usuario=? and not(u1_0.eliminado) limit ?
ℹ️  Usuario administrador ya existe en la base de datos
2025-11-05T00:10:12.917Z  INFO 445980 --- [greedy_cars] [  restartedMain] .ConditionEvaluationDeltaLoggingListener : Condition evaluation delta:


==========================
CONDITION EVALUATION DELTA
==========================


Positive matches:
-----------------

    None


Negative matches:
-----------------

   OAuth2ResourceServerJwtConfiguration.OAuth2SecurityFilterChainConfiguration:
      Did not match:
         - AllNestedConditions 1 matched 1 did not; NestedCondition on DefaultWebSecurityCondition.Beans @ConditionalOnMissingBean (types: org.springframework.security.web.SecurityFilterChain; SearchStrategy: all) found beans of type 'org.springframework.security.web.SecurityFilterChain' securityFilterChain; NestedCondition on DefaultWebSecurityCondition.Classes @ConditionalOnClass found required classes 'org.springframework.security.web.SecurityFilterChain', 'org.springframework.security.config.annotation.web.builders.HttpSecurity' (DefaultWebSecurityCondition)

   OAuth2ResourceServerOpaqueTokenConfiguration.OAuth2SecurityFilterChainConfiguration:
      Did not match:
         - AllNestedConditions 1 matched 1 did not; NestedCondition on DefaultWebSecurityCondition.Beans @ConditionalOnMissingBean (types: org.springframework.security.web.SecurityFilterChain; SearchStrategy: all) found beans of type 'org.springframework.security.web.SecurityFilterChain' securityFilterChain; NestedCondition on DefaultWebSecurityCondition.Classes @ConditionalOnClass found required classes 'org.springframework.security.web.SecurityFilterChain', 'org.springframework.security.config.annotation.web.builders.HttpSecurity' (DefaultWebSecurityCondition)

   SpringBootWebSecurityConfiguration.SecurityFilterChainConfiguration:
      Did not match:
         - AllNestedConditions 1 matched 1 did not; NestedCondition on DefaultWebSecurityCondition.Beans @ConditionalOnMissingBean (types: org.springframework.security.web.SecurityFilterChain; SearchStrategy: all) found beans of type 'org.springframework.security.web.SecurityFilterChain' securityFilterChain; NestedCondition on DefaultWebSecurityCondition.Classes @ConditionalOnClass found required classes 'org.springframework.security.web.SecurityFilterChain', 'org.springframework.security.config.annotation.web.builders.HttpSecurity' (DefaultWebSecurityCondition)

   SpringBootWebSecurityConfiguration.WebSecurityEnablerConfiguration:
      Did not match:
         - @ConditionalOnMissingBean (names: springSecurityFilterChain; SearchStrategy: all) found beans named springSecurityFilterChain (OnBeanCondition)
      Matched:
         - @ConditionalOnClass found required class 'org.springframework.security.config.annotation.web.configuration.EnableWebSecurity' (OnClassCondition)


Exclusions:
-----------

    None


Unconditional classes:
----------------------

    None



[[1;34mINFO[m] [1m------------------------------------------------------------------------[m
[[1;34mINFO[m] [1;31mBUILD FAILURE[m
[[1;34mINFO[m] [1m------------------------------------------------------------------------[m
[[1;34mINFO[m] Total time:  29:42 min
[[1;34mINFO[m] Finished at: 2025-11-05T00:10:24Z
[[1;34mINFO[m] [1m------------------------------------------------------------------------[m
[[1;31mERROR[m] Failed to execute goal [32morg.springframework.boot:spring-boot-maven-plugin:3.5.5:run[m [1m(default-cli)[m on project [36mgreedy_cars[m: [1;31mProcess terminated with exit code: 137[m -> [1m[Help 1][m
[[1;31mERROR[m] 
[[1;31mERROR[m] To see the full stack trace of the errors, re-run Maven with the [1m-e[m switch.
[[1;31mERROR[m] Re-run Maven using the [1m-X[m switch to enable full debug logging.
[[1;31mERROR[m] 
[[1;31mERROR[m] For more information about the errors and possible solutions, please read the following articles:
[[1;31mERROR[m] [1m[Help 1][m http://cwiki.apache.org/confluence/display/MAVEN/MojoExecutionException
